Speaker,Language,Text,words_phones_ID_unigram,words_phones_IR_unigram,words_phones_SR_unigram,words_phones_ID_bigram,words_phones_IR_bigram,words_phones_SR_bigram,words_phones_ID_trigram,words_phones_IR_trigram,words_phones_SR_trigram,words_phones_ID_4gram,words_phones_IR_4gram,words_phones_SR_4gram,sentences_phones_ID_unigram,sentences_phones_IR_unigram,sentences_phones_SR_unigram,sentences_phones_ID_bigram,sentences_phones_IR_bigram,sentences_phones_SR_bigram,sentences_phones_ID_trigram,sentences_phones_IR_trigram,sentences_phones_SR_trigram,sentences_phones_ID_4gram,sentences_phones_IR_4gram,sentences_phones_SR_4gram,words_sylls_ID_unigram,words_sylls_IR_unigram,words_sylls_SR_unigram,words_sylls_ID_bigram,words_sylls_IR_bigram,words_sylls_SR_bigram,words_sylls_ID_trigram,words_sylls_IR_trigram,words_sylls_SR_trigram,words_sylls_ID_4gram,words_sylls_IR_4gram,words_sylls_SR_4gram,sentences_sylls_ID_unigram,sentences_sylls_IR_unigram,sentences_sylls_SR_unigram,sentences_sylls_ID_bigram,sentences_sylls_IR_bigram,sentences_sylls_SR_bigram,sentences_sylls_ID_trigram,sentences_sylls_IR_trigram,sentences_sylls_SR_trigram,sentences_sylls_ID_4gram,sentences_sylls_IR_4gram,sentences_sylls_SR_4gram
FRA_F1(Je),FRA,O1,4.751,79.371,16.705,3.7,61.815,16.705,3.997,66.77,16.705,4.395,73.42,16.705,4.751,79.371,16.705,3.982,66.522,16.705,4.087,68.269,16.705,4.579,76.494,16.705,7.86,56.535,7.193,7.157,51.479,7.193,5.483,39.437,7.193,3.448,24.802,7.193,7.86,56.535,7.193,8.155,58.655,7.193,8.378,60.261,7.193,8.3,59.699,7.193
FRA_F1(Je),FRA,O2,4.751,79.239,16.677,3.7,61.712,16.677,3.997,66.659,16.677,4.395,73.298,16.677,4.751,79.239,16.677,3.982,66.411,16.677,4.087,68.155,16.677,4.579,76.366,16.677,7.86,59.169,7.528,7.157,53.877,7.528,5.483,41.273,7.528,3.448,25.957,7.528,7.86,59.169,7.528,8.155,61.387,7.528,8.378,63.068,7.528,8.3,62.48,7.528
FRA_F1(Je),FRA,O3,4.751,68.785,14.477,3.7,53.57,14.477,3.997,57.865,14.477,4.395,63.628,14.477,4.751,68.785,14.477,3.982,57.649,14.477,4.087,59.163,14.477,4.579,66.291,14.477,7.86,50.575,6.434,7.157,46.052,6.434,5.483,35.279,6.434,3.448,22.187,6.434,7.86,50.575,6.434,8.155,52.472,6.434,8.378,53.908,6.434,8.3,53.406,6.434
FRA_F1(Je),FRA,O4,4.751,71.452,15.039,3.7,55.647,15.039,3.997,60.108,15.039,4.395,66.095,15.039,4.751,71.452,15.039,3.982,59.884,15.039,4.087,61.457,15.039,4.579,68.862,15.039,7.86,53.041,6.748,7.157,48.297,6.748,5.483,36.999,6.748,3.448,23.269,6.748,7.86,53.041,6.748,8.155,55.031,6.748,8.378,56.537,6.748,8.3,56.01,6.748
FRA_F1(Je),FRA,O6,4.751,79.25,16.68,3.7,61.72,16.68,3.997,66.668,16.68,4.395,73.308,16.68,4.751,79.25,16.68,3.982,66.42,16.68,4.087,68.165,16.68,4.579,76.377,16.68,7.86,57.165,7.273,7.157,52.053,7.273,5.483,39.876,7.273,3.448,25.078,7.273,7.86,57.165,7.273,8.155,59.309,7.273,8.378,60.933,7.273,8.3,60.364,7.273
FRA_F1(Je),FRA,O8,4.751,80.22,16.884,3.7,62.476,16.884,3.997,67.484,16.884,4.395,74.206,16.884,4.751,80.22,16.884,3.982,67.233,16.884,4.087,68.999,16.884,4.579,77.312,16.884,7.86,56.106,7.138,7.157,51.088,7.138,5.483,39.137,7.138,3.448,24.614,7.138,7.86,56.106,7.138,8.155,58.21,7.138,8.378,59.803,7.138,8.3,59.246,7.138
FRA_F1(Je),FRA,O9,4.751,83.347,17.542,3.7,64.911,17.542,3.997,70.114,17.542,4.395,77.097,17.542,4.751,83.347,17.542,3.982,69.853,17.542,4.087,71.688,17.542,4.579,80.325,17.542,7.86,58.621,7.458,7.157,53.378,7.458,5.483,40.892,7.458,3.448,25.717,7.458,7.86,58.621,7.458,8.155,60.82,7.458,8.378,62.485,7.458,8.3,61.902,7.458
FRA_F1(Je),FRA,P0,4.751,77.133,16.234,3.7,60.071,16.234,3.997,64.887,16.234,4.395,71.349,16.234,4.751,77.133,16.234,3.982,64.645,16.234,4.087,66.343,16.234,4.579,74.336,16.234,7.86,55.501,7.061,7.157,50.537,7.061,5.483,38.715,7.061,3.448,24.348,7.061,7.86,55.501,7.061,8.155,57.582,7.061,8.378,59.158,7.061,8.3,58.607,7.061
FRA_F1(Je),FRA,P1,4.751,78.94,16.615,3.7,61.479,16.615,3.997,66.408,16.615,4.395,73.022,16.615,4.751,78.94,16.615,3.982,66.16,16.615,4.087,67.898,16.615,4.579,76.078,16.615,7.86,54.987,6.996,7.157,50.069,6.996,5.483,38.357,6.996,3.448,24.123,6.996,7.86,54.987,6.996,8.155,57.049,6.996,8.378,58.611,6.996,8.3,58.064,6.996
FRA_F1(Je),FRA,P2,4.751,78.76,16.577,3.7,61.339,16.577,3.997,66.256,16.577,4.395,72.855,16.577,4.751,78.76,16.577,3.982,66.009,16.577,4.087,67.743,16.577,4.579,75.905,16.577,7.86,58.179,7.402,7.157,52.976,7.402,5.483,40.583,7.402,3.448,25.523,7.402,7.86,58.179,7.402,8.155,60.361,7.402,8.378,62.013,7.402,8.3,61.435,7.402
FRA_F1(Je),FRA,P3,4.751,78.953,16.617,3.7,61.489,16.617,3.997,66.418,16.617,4.395,73.033,16.617,4.751,78.953,16.617,3.982,66.171,16.617,4.087,67.909,16.617,4.579,76.09,16.617,7.86,55.978,7.122,7.157,50.971,7.122,5.483,39.048,7.122,3.448,24.558,7.122,7.86,55.978,7.122,8.155,58.077,7.122,8.378,59.667,7.122,8.3,59.111,7.122
FRA_F1(Je),FRA,P8,4.751,75.115,15.81,3.7,58.5,15.81,3.997,63.19,15.81,4.395,69.483,15.81,4.751,75.115,15.81,3.982,62.954,15.81,4.087,64.608,15.81,4.579,72.392,15.81,7.86,53.4,6.794,7.157,48.624,6.794,5.483,37.249,6.794,3.448,23.426,6.794,7.86,53.4,6.794,8.155,55.402,6.794,8.378,56.919,6.794,8.3,56.388,6.794
FRA_F1(Je),FRA,P9,4.751,71.299,15.006,3.7,55.528,15.006,3.997,59.98,15.006,4.395,65.953,15.006,4.751,71.299,15.006,3.982,59.756,15.006,4.087,61.326,15.006,4.579,68.714,15.006,7.86,51.197,6.513,7.157,46.618,6.513,5.483,35.713,6.513,3.448,22.46,6.513,7.86,51.197,6.513,8.155,53.117,6.513,8.378,54.571,6.513,8.3,54.062,6.513
FRA_F1(Je),FRA,Q0,4.751,80.519,16.947,3.7,62.708,16.947,3.997,67.736,16.947,4.395,74.482,16.947,4.751,80.519,16.947,3.982,67.483,16.947,4.087,69.256,16.947,4.579,77.6,16.947,7.86,58.146,7.397,7.157,52.945,7.397,5.483,40.56,7.397,3.448,25.509,7.397,7.86,58.146,7.397,8.155,60.326,7.397,8.378,61.977,7.397,8.3,61.4,7.397
FRA_F1(Je),FRA,Q1,4.751,83.416,17.557,3.7,64.964,17.557,3.997,70.173,17.557,4.395,77.161,17.557,4.751,83.416,17.557,3.982,69.911,17.557,4.087,71.748,17.557,4.579,80.391,17.557,7.86,55.484,7.059,7.157,50.522,7.059,5.483,38.703,7.059,3.448,24.341,7.059,7.86,55.484,7.059,8.155,57.565,7.059,8.378,59.14,7.059,8.3,58.589,7.059
FRA_F2(Be),FRA,O1,4.751,77.513,16.314,3.7,60.367,16.314,3.997,65.207,16.314,4.395,71.701,16.314,4.751,77.513,16.314,3.982,64.964,16.314,4.087,66.671,16.314,4.579,74.703,16.314,7.86,55.212,7.024,7.157,50.274,7.024,5.483,38.513,7.024,3.448,24.221,7.024,7.86,55.212,7.024,8.155,57.282,7.024,8.378,58.85,7.024,8.3,58.301,7.024
FRA_F2(Be),FRA,O2,4.751,83.35,17.543,3.7,64.913,17.543,3.997,70.117,17.543,4.395,77.1,17.543,4.751,83.35,17.543,3.982,69.856,17.543,4.087,71.691,17.543,4.579,80.328,17.543,7.86,62.238,7.918,7.157,56.672,7.918,5.483,43.415,7.918,3.448,27.304,7.918,7.86,62.238,7.918,8.155,64.572,7.918,8.378,66.339,7.918,8.3,65.721,7.918
FRA_F2(Be),FRA,O3,4.751,73.568,15.484,3.7,57.295,15.484,3.997,61.888,15.484,4.395,68.052,15.484,4.751,73.568,15.484,3.982,61.658,15.484,4.087,63.277,15.484,4.579,70.901,15.484,7.86,54.092,6.882,7.157,49.254,6.882,5.483,37.732,6.882,3.448,23.73,6.882,7.86,54.092,6.882,8.155,56.12,6.882,8.378,57.657,6.882,8.3,57.119,6.882
FRA_F2(Be),FRA,O4,4.751,72.904,15.344,3.7,56.778,15.344,3.997,61.33,15.344,4.395,67.438,15.344,4.751,72.904,15.344,3.982,61.102,15.344,4.087,62.707,15.344,4.579,70.261,15.344,7.86,54.12,6.885,7.157,49.279,6.885,5.483,37.752,6.885,3.448,23.742,6.885,7.86,54.12,6.885,8.155,56.149,6.885,8.378,57.686,6.885,8.3,57.148,6.885
FRA_F2(Be),FRA,O6,4.751,80.009,16.84,3.7,62.311,16.84,3.997,67.307,16.84,4.395,74.01,16.84,4.751,80.009,16.84,3.982,67.056,16.84,4.087,68.818,16.84,4.579,77.108,16.84,7.86,57.713,7.342,7.157,52.551,7.342,5.483,40.258,7.342,3.448,25.319,7.342,7.86,57.713,7.342,8.155,59.877,7.342,8.378,61.516,7.342,8.3,60.943,7.342
FRA_F2(Be),FRA,O8,4.751,86.578,18.222,3.7,67.428,18.222,3.997,72.833,18.222,4.395,80.087,18.222,4.751,86.578,18.222,3.982,72.562,18.222,4.087,74.468,18.222,4.579,83.44,18.222,7.86,60.553,7.704,7.157,55.137,7.704,5.483,42.239,7.704,3.448,26.565,7.704,7.86,60.553,7.704,8.155,62.824,7.704,8.378,64.543,7.704,8.3,63.942,7.704
FRA_F2(Be),FRA,O9,4.751,82.566,17.378,3.7,64.303,17.378,3.997,69.458,17.378,4.395,76.375,17.378,4.751,82.566,17.378,3.982,69.199,17.378,4.087,71.017,17.378,4.579,79.573,17.378,7.86,58.072,7.388,7.157,52.879,7.388,5.483,40.509,7.388,3.448,25.476,7.388,7.86,58.072,7.388,8.155,60.25,7.388,8.378,61.899,7.388,8.3,61.322,7.388
FRA_F2(Be),FRA,P0,4.751,78.17,16.453,3.7,60.879,16.453,3.997,65.76,16.453,4.395,72.309,16.453,4.751,78.17,16.453,3.982,65.515,16.453,4.087,67.236,16.453,4.579,75.336,16.453,7.86,56.248,7.156,7.157,51.217,7.156,5.483,39.236,7.156,3.448,24.676,7.156,7.86,56.248,7.156,8.155,58.357,7.156,8.378,59.954,7.156,8.3,59.395,7.156
FRA_F2(Be),FRA,P1,4.751,74.916,15.768,3.7,58.345,15.768,3.997,63.022,15.768,4.395,69.299,15.768,4.751,74.916,15.768,3.982,62.788,15.768,4.087,64.437,15.768,4.579,72.2,15.768,7.86,52.184,6.639,7.157,47.517,6.639,5.483,36.401,6.639,3.448,22.893,6.639,7.86,52.184,6.639,8.155,54.141,6.639,8.378,55.623,6.639,8.3,55.104,6.639
FRA_F2(Be),FRA,P2,4.751,78.337,16.488,3.7,61.009,16.488,3.997,65.901,16.488,4.395,72.464,16.488,4.751,78.337,16.488,3.982,65.655,16.488,4.087,67.38,16.488,4.579,75.497,16.488,7.86,57.867,7.362,7.157,52.691,7.362,5.483,40.365,7.362,3.448,25.386,7.362,7.86,57.867,7.362,8.155,60.037,7.362,8.378,61.68,7.362,8.3,61.105,7.362
FRA_F2(Be),FRA,P3,4.751,78.302,16.48,3.7,60.982,16.48,3.997,65.871,16.48,4.395,72.431,16.48,4.751,78.302,16.48,3.982,65.625,16.48,4.087,67.349,16.48,4.579,75.463,16.48,7.86,55.517,7.063,7.157,50.551,7.063,5.483,38.726,7.063,3.448,24.355,7.063,7.86,55.517,7.063,8.155,57.599,7.063,8.378,59.175,7.063,8.3,58.624,7.063
FRA_F2(Be),FRA,P8,4.751,82.558,17.376,3.7,64.297,17.376,3.997,69.451,17.376,4.395,76.368,17.376,4.751,82.558,17.376,3.982,69.193,17.376,4.087,71.01,17.376,4.579,79.565,17.376,7.86,58.691,7.467,7.157,53.442,7.467,5.483,40.941,7.467,3.448,25.748,7.467,7.86,58.691,7.467,8.155,60.892,7.467,8.378,62.559,7.467,8.3,61.976,7.467
FRA_F2(Be),FRA,P9,4.751,75.34,15.857,3.7,58.675,15.857,3.997,63.379,15.857,4.395,69.692,15.857,4.751,75.34,15.857,3.982,63.143,15.857,4.087,64.802,15.857,4.579,72.609,15.857,7.86,54.099,6.883,7.157,49.26,6.883,5.483,37.737,6.883,3.448,23.733,6.883,7.86,54.099,6.883,8.155,56.128,6.883,8.378,57.664,6.883,8.3,57.126,6.883
FRA_F2(Be),FRA,Q0,4.751,76.506,16.102,3.7,59.583,16.102,3.997,64.36,16.102,4.395,70.77,16.102,4.751,76.506,16.102,3.982,64.12,16.102,4.087,65.804,16.102,4.579,73.732,16.102,7.86,55.248,7.029,7.157,50.306,7.029,5.483,38.538,7.029,3.448,24.237,7.029,7.86,55.248,7.029,8.155,57.32,7.029,8.378,58.888,7.029,8.3,58.339,7.029
FRA_F2(Be),FRA,Q1,4.751,82.446,17.352,3.7,64.209,17.352,3.997,69.357,17.352,4.395,76.264,17.352,4.751,82.446,17.352,3.982,69.098,17.352,4.087,70.913,17.352,4.579,79.457,17.352,7.86,54.839,6.977,7.157,49.934,6.977,5.483,38.253,6.977,3.448,24.058,6.977,7.86,54.839,6.977,8.155,56.895,6.977,8.378,58.453,6.977,8.3,57.908,6.977
FRA_F3(Ma),FRA,O1,4.751,87.941,18.509,3.7,68.489,18.509,3.997,73.979,18.509,4.395,81.347,18.509,4.751,87.941,18.509,3.982,73.704,18.509,4.087,75.64,18.509,4.579,84.753,18.509,7.86,62.639,7.969,7.157,57.037,7.969,5.483,43.695,7.969,3.448,27.48,7.969,7.86,62.639,7.969,8.155,64.988,7.969,8.378,66.767,7.969,8.3,66.145,7.969
FRA_F3(Ma),FRA,O2,4.751,85.092,17.909,3.7,66.27,17.909,3.997,71.583,17.909,4.395,78.712,17.909,4.751,85.092,17.909,3.982,71.316,17.909,4.087,73.19,17.909,4.579,82.007,17.909,7.86,63.539,8.084,7.157,57.856,8.084,5.483,44.322,8.084,3.448,27.875,8.084,7.86,63.539,8.084,8.155,65.922,8.084,8.378,67.726,8.084,8.3,67.095,8.084
FRA_F3(Ma),FRA,O3,4.751,77.454,16.302,3.7,60.322,16.302,3.997,65.158,16.302,4.395,71.647,16.302,4.751,77.454,16.302,3.982,64.915,16.302,4.087,66.62,16.302,4.579,74.646,16.302,7.86,56.95,7.245,7.157,51.856,7.245,5.483,39.726,7.245,3.448,24.984,7.245,7.86,56.95,7.245,8.155,59.085,7.245,8.378,60.703,7.245,8.3,60.137,7.245
FRA_F3(Ma),FRA,O4,4.751,77.802,16.375,3.7,60.593,16.375,3.997,65.45,16.375,4.395,71.969,16.375,4.751,77.802,16.375,3.982,65.206,16.375,4.087,66.919,16.375,4.579,74.981,16.375,7.86,57.755,7.348,7.157,52.59,7.348,5.483,40.288,7.348,3.448,25.337,7.348,7.86,57.755,7.348,8.155,59.921,7.348,8.378,61.561,7.348,8.3,60.988,7.348
FRA_F3(Ma),FRA,O6,4.751,92.398,19.447,3.7,71.96,19.447,3.997,77.729,19.447,4.395,85.47,19.447,4.751,92.398,19.447,3.982,77.439,19.447,4.087,79.473,19.447,4.579,89.048,19.447,7.86,66.649,8.479,7.157,60.688,8.479,5.483,46.492,8.479,3.448,29.239,8.479,7.86,66.649,8.479,8.155,69.148,8.479,8.378,71.041,8.479,8.3,70.379,8.479
FRA_F3(Ma),FRA,O8,4.751,87.551,18.427,3.7,68.185,18.427,3.997,73.652,18.427,4.395,80.987,18.427,4.751,87.551,18.427,3.982,73.377,18.427,4.087,75.305,18.427,4.579,84.377,18.427,7.86,61.233,7.79,7.157,55.757,7.79,5.483,42.714,7.79,3.448,26.863,7.79,7.86,61.233,7.79,8.155,63.53,7.79,8.378,65.269,7.79,8.3,64.66,7.79
FRA_F3(Ma),FRA,O9,4.751,82.054,17.27,3.7,63.904,17.27,3.997,69.027,17.27,4.395,75.902,17.27,4.751,82.054,17.27,3.982,68.77,17.27,4.087,70.576,17.27,4.579,79.079,17.27,7.86,57.712,7.342,7.157,52.55,7.342,5.483,40.258,7.342,3.448,25.318,7.342,7.86,57.712,7.342,8.155,59.876,7.342,8.378,61.515,7.342,8.3,60.942,7.342
FRA_F3(Ma),FRA,P0,4.751,86.709,18.25,3.7,67.529,18.25,3.997,72.943,18.25,4.395,80.208,18.25,4.751,86.709,18.25,3.982,72.671,18.25,4.087,74.58,18.25,4.579,83.565,18.25,7.86,62.391,7.938,7.157,56.811,7.938,5.483,43.522,7.938,3.448,27.371,7.938,7.86,62.391,7.938,8.155,64.731,7.938,8.378,66.503,7.938,8.3,65.883,7.938
FRA_F3(Ma),FRA,P1,4.751,86.505,18.207,3.7,67.37,18.207,3.997,72.771,18.207,4.395,80.019,18.207,4.751,86.505,18.207,3.982,72.5,18.207,4.087,74.405,18.207,4.579,83.368,18.207,7.86,60.256,7.666,7.157,54.867,7.666,5.483,42.032,7.666,3.448,26.435,7.666,7.86,60.256,7.666,8.155,62.516,7.666,8.378,64.227,7.666,8.3,63.629,7.666
FRA_F3(Ma),FRA,P2,4.751,82.248,17.311,3.7,64.055,17.311,3.997,69.19,17.311,4.395,76.081,17.311,4.751,82.248,17.311,3.982,68.932,17.311,4.087,70.743,17.311,4.579,79.266,17.311,7.86,60.755,7.729,7.157,55.322,7.729,5.483,42.38,7.729,3.448,26.653,7.729,7.86,60.755,7.729,8.155,63.034,7.729,8.378,64.759,7.729,8.3,64.155,7.729
FRA_F3(Ma),FRA,P3,4.751,85.334,17.96,3.7,66.458,17.96,3.997,71.786,17.96,4.395,78.936,17.96,4.751,85.334,17.96,3.982,71.519,17.96,4.087,73.397,17.96,4.579,82.24,17.96,7.86,60.502,7.697,7.157,55.091,7.697,5.483,42.204,7.697,3.448,26.542,7.697,7.86,60.502,7.697,8.155,62.771,7.697,8.378,64.489,7.697,8.3,63.888,7.697
FRA_F3(Ma),FRA,P8,4.751,88.222,18.568,3.7,68.708,18.568,3.997,74.216,18.568,4.395,81.608,18.568,4.751,88.222,18.568,3.982,73.94,18.568,4.087,75.882,18.568,4.579,85.024,18.568,7.86,62.718,7.979,7.157,57.108,7.979,5.483,43.749,7.979,3.448,27.514,7.979,7.86,62.718,7.979,8.155,65.07,7.979,8.378,66.851,7.979,8.3,66.228,7.979
FRA_F3(Ma),FRA,P9,4.751,79.81,16.798,3.7,62.156,16.798,3.997,67.14,16.798,4.395,73.826,16.798,4.751,79.81,16.798,3.982,66.889,16.798,4.087,68.646,16.798,4.579,76.917,16.798,7.86,57.308,7.291,7.157,52.183,7.291,5.483,39.976,7.291,3.448,25.141,7.291,7.86,57.308,7.291,8.155,59.457,7.291,8.378,61.085,7.291,8.3,60.515,7.291
FRA_F3(Ma),FRA,Q0,4.751,87.715,18.462,3.7,68.313,18.462,3.997,73.79,18.462,4.395,81.139,18.462,4.751,87.715,18.462,3.982,73.515,18.462,4.087,75.446,18.462,4.579,84.535,18.462,7.86,63.343,8.059,7.157,57.677,8.059,5.483,44.185,8.059,3.448,27.788,8.059,7.86,63.343,8.059,8.155,65.718,8.059,8.378,67.517,8.059,8.3,66.887,8.059
FRA_F3(Ma),FRA,Q1,4.751,90.102,18.964,3.7,70.172,18.964,3.997,75.797,18.964,4.395,83.346,18.964,4.751,90.102,18.964,3.982,75.515,18.964,4.087,77.499,18.964,4.579,86.835,18.964,7.86,59.931,7.625,7.157,54.571,7.625,5.483,41.806,7.625,3.448,26.292,7.625,7.86,59.931,7.625,8.155,62.179,7.625,8.378,63.881,7.625,8.3,63.285,7.625
FRA_F4(Lu),FRA,O1,4.751,82.036,17.266,3.7,63.89,17.266,3.997,69.012,17.266,4.395,75.885,17.266,4.751,82.036,17.266,3.982,68.755,17.266,4.087,70.561,17.266,4.579,79.062,17.266,7.86,58.433,7.434,7.157,53.207,7.434,5.483,40.761,7.434,3.448,25.635,7.434,7.86,58.433,7.434,8.155,60.625,7.434,8.378,62.284,7.434,8.3,61.703,7.434
FRA_F4(Lu),FRA,O2,4.751,80.387,16.919,3.7,62.605,16.919,3.997,67.624,16.919,4.395,74.359,16.919,4.751,80.387,16.919,3.982,67.372,16.919,4.087,69.142,16.919,4.579,77.472,16.919,7.86,60.025,7.637,7.157,54.657,7.637,5.483,41.871,7.637,3.448,26.333,7.637,7.86,60.025,7.637,8.155,62.277,7.637,8.378,63.981,7.637,8.3,63.385,7.637
FRA_F4(Lu),FRA,O3,4.751,76.02,16.0,3.7,59.205,16.0,3.997,63.951,16.0,4.395,70.32,16.0,4.751,76.02,16.0,3.982,63.713,16.0,4.087,65.386,16.0,4.579,73.264,16.0,7.86,55.895,7.111,7.157,50.896,7.111,5.483,38.99,7.111,3.448,24.521,7.111,7.86,55.895,7.111,8.155,57.991,7.111,8.378,59.578,7.111,8.3,59.023,7.111
FRA_F4(Lu),FRA,O4,4.751,78.907,16.608,3.7,61.453,16.608,3.997,66.379,16.608,4.395,72.99,16.608,4.751,78.907,16.608,3.982,66.132,16.608,4.087,67.869,16.608,4.579,76.046,16.608,7.86,58.575,7.452,7.157,53.336,7.452,5.483,40.86,7.452,3.448,25.697,7.452,7.86,58.575,7.452,8.155,60.772,7.452,8.378,62.435,7.452,8.3,61.853,7.452
FRA_F4(Lu),FRA,O6,4.751,78.752,16.575,3.7,61.332,16.575,3.997,66.249,16.575,4.395,72.847,16.575,4.751,78.752,16.575,3.982,66.003,16.575,4.087,67.736,16.575,4.579,75.897,16.575,7.86,56.806,7.227,7.157,51.725,7.227,5.483,39.626,7.227,3.448,24.921,7.227,7.86,56.806,7.227,8.155,58.936,7.227,8.378,60.55,7.227,8.3,59.985,7.227
FRA_F4(Lu),FRA,O8,4.751,82.079,17.275,3.7,63.924,17.275,3.997,69.048,17.275,4.395,75.925,17.275,4.751,82.079,17.275,3.982,68.791,17.275,4.087,70.598,17.275,4.579,79.103,17.275,7.86,57.406,7.303,7.157,52.272,7.303,5.483,40.044,7.303,3.448,25.184,7.303,7.86,57.406,7.303,8.155,59.559,7.303,8.378,61.189,7.303,8.3,60.619,7.303
FRA_F4(Lu),FRA,O9,4.751,80.391,16.92,3.7,62.609,16.92,3.997,67.628,16.92,4.395,74.364,16.92,4.751,80.391,16.92,3.982,67.376,16.92,4.087,69.146,16.92,4.579,77.476,16.92,7.86,56.543,7.194,7.157,51.486,7.194,5.483,39.442,7.194,3.448,24.805,7.194,7.86,56.543,7.194,8.155,58.663,7.194,8.378,60.269,7.194,8.3,59.707,7.194
FRA_F4(Lu),FRA,P0,4.751,79.93,16.823,3.7,62.25,16.823,3.997,67.241,16.823,4.395,73.937,16.823,4.751,79.93,16.823,3.982,66.99,16.823,4.087,68.75,16.823,4.579,77.033,16.823,7.86,57.514,7.317,7.157,52.37,7.317,5.483,40.119,7.317,3.448,25.231,7.317,7.86,57.514,7.317,8.155,59.671,7.317,8.378,61.304,7.317,8.3,60.733,7.317
FRA_F4(Lu),FRA,P1,4.751,78.063,16.43,3.7,60.795,16.43,3.997,65.669,16.43,4.395,72.21,16.43,4.751,78.063,16.43,3.982,65.425,16.43,4.087,67.143,16.43,4.579,75.232,16.43,7.86,54.376,6.918,7.157,49.513,6.918,5.483,37.93,6.918,3.448,23.855,6.918,7.86,54.376,6.918,8.155,56.415,6.918,8.378,57.959,6.918,8.3,57.419,6.918
FRA_F4(Lu),FRA,P2,4.751,77.329,16.276,3.7,60.224,16.276,3.997,65.052,16.276,4.395,71.531,16.276,4.751,77.329,16.276,3.982,64.81,16.276,4.087,66.513,16.276,4.579,74.526,16.276,7.86,57.122,7.267,7.157,52.013,7.267,5.483,39.846,7.267,3.448,25.06,7.267,7.86,57.122,7.267,8.155,59.264,7.267,8.378,60.886,7.267,8.3,60.319,7.267
FRA_F4(Lu),FRA,P3,4.751,79.282,16.687,3.7,61.745,16.687,3.997,66.695,16.687,4.395,73.338,16.687,4.751,79.282,16.687,3.982,66.447,16.687,4.087,68.192,16.687,4.579,76.408,16.687,7.86,56.211,7.151,7.157,51.184,7.151,5.483,39.211,7.151,3.448,24.66,7.151,7.86,56.211,7.151,8.155,58.319,7.151,8.378,59.916,7.151,8.3,59.357,7.151
FRA_F4(Lu),FRA,P8,4.751,87.569,18.431,3.7,68.199,18.431,3.997,73.667,18.431,4.395,81.004,18.431,4.751,87.569,18.431,3.982,73.392,18.431,4.087,75.32,18.431,4.579,84.395,18.431,7.86,62.253,7.92,7.157,56.686,7.92,5.483,43.425,7.92,3.448,27.311,7.92,7.86,62.253,7.92,8.155,64.588,7.92,8.378,66.356,7.92,8.3,65.737,7.92
FRA_F4(Lu),FRA,P9,4.751,76.267,16.052,3.7,59.397,16.052,3.997,64.159,16.052,4.395,70.548,16.052,4.751,76.267,16.052,3.982,63.92,16.052,4.087,65.599,16.052,4.579,73.502,16.052,7.86,54.764,6.967,7.157,49.866,6.967,5.483,38.201,6.967,3.448,24.025,6.967,7.86,54.764,6.967,8.155,56.818,6.967,8.378,58.373,6.967,8.3,57.829,6.967
FRA_F4(Lu),FRA,Q0,4.751,83.437,17.561,3.7,64.981,17.561,3.997,70.19,17.561,4.395,77.181,17.561,4.751,83.437,17.561,3.982,69.929,17.561,4.087,71.766,17.561,4.579,80.412,17.561,7.86,60.253,7.666,7.157,54.864,7.666,5.483,42.03,7.666,3.448,26.433,7.666,7.86,60.253,7.666,8.155,62.512,7.666,8.378,64.223,7.666,8.3,63.625,7.666
FRA_F4(Lu),FRA,Q1,4.751,85.664,18.03,3.7,66.715,18.03,3.997,72.064,18.03,4.395,79.241,18.03,4.751,85.664,18.03,3.982,71.795,18.03,4.087,73.681,18.03,4.579,82.558,18.03,7.86,56.979,7.249,7.157,51.883,7.249,5.483,39.746,7.249,3.448,24.997,7.249,7.86,56.979,7.249,8.155,59.116,7.249,8.378,60.734,7.249,8.3,60.168,7.249
FRA_F5(Na),FRA,O1,4.751,77.338,16.277,3.7,60.231,16.277,3.997,65.06,16.277,4.395,71.539,16.277,4.751,77.338,16.277,3.982,64.817,16.277,4.087,66.52,16.277,4.579,74.534,16.277,7.86,55.087,7.008,7.157,50.16,7.008,5.483,38.426,7.008,3.448,24.167,7.008,7.86,55.087,7.008,8.155,57.153,7.008,8.378,58.717,7.008,8.3,58.17,7.008
FRA_F5(Na),FRA,O2,4.751,75.235,15.835,3.7,58.594,15.835,3.997,63.291,15.835,4.395,69.595,15.835,4.751,75.235,15.835,3.982,63.055,15.835,4.087,64.712,15.835,4.579,72.508,15.835,7.86,56.179,7.147,7.157,51.155,7.147,5.483,39.188,7.147,3.448,24.646,7.147,7.86,56.179,7.147,8.155,58.286,7.147,8.378,59.881,7.147,8.3,59.323,7.147
FRA_F5(Na),FRA,O3,4.751,67.208,14.145,3.7,52.342,14.145,3.997,56.538,14.145,4.395,62.169,14.145,4.751,67.208,14.145,3.982,56.328,14.145,4.087,57.807,14.145,4.579,64.772,14.145,7.86,49.416,6.287,7.157,44.996,6.287,5.483,34.471,6.287,3.448,21.679,6.287,7.86,49.416,6.287,8.155,51.269,6.287,8.378,52.672,6.287,8.3,52.181,6.287
FRA_F5(Na),FRA,O4,4.751,65.4,13.765,3.7,50.933,13.765,3.997,55.017,13.765,4.395,60.496,13.765,4.751,65.4,13.765,3.982,54.812,13.765,4.087,56.252,13.765,4.579,63.029,13.765,7.86,48.548,6.176,7.157,44.206,6.176,5.483,33.865,6.176,3.448,21.298,6.176,7.86,48.548,6.176,8.155,50.369,6.176,8.378,51.748,6.176,8.3,51.265,6.176
FRA_F5(Na),FRA,O6,4.751,76.821,16.169,3.7,59.829,16.169,3.997,64.625,16.169,4.395,71.061,16.169,4.751,76.821,16.169,3.982,64.384,16.169,4.087,66.075,16.169,4.579,74.036,16.169,7.86,55.413,7.05,7.157,50.457,7.05,5.483,38.654,7.05,3.448,24.31,7.05,7.86,55.413,7.05,8.155,57.491,7.05,8.378,59.065,7.05,8.3,58.514,7.05
FRA_F5(Na),FRA,O8,4.751,78.077,16.433,3.7,60.806,16.433,3.997,65.681,16.433,4.395,72.223,16.433,4.751,78.077,16.433,3.982,65.437,16.433,4.087,67.155,16.433,4.579,75.246,16.433,7.86,54.607,6.947,7.157,49.723,6.947,5.483,38.091,6.947,3.448,23.956,6.947,7.86,54.607,6.947,8.155,56.655,6.947,8.378,58.205,6.947,8.3,57.663,6.947
FRA_F5(Na),FRA,O9,4.751,72.33,15.223,3.7,56.331,15.223,3.997,60.847,15.223,4.395,66.907,15.223,4.751,72.33,15.223,3.982,60.62,15.223,4.087,62.213,15.223,4.579,69.708,15.223,7.86,50.873,6.472,7.157,46.323,6.472,5.483,35.487,6.472,3.448,22.318,6.472,7.86,50.873,6.472,8.155,52.781,6.472,8.378,54.225,6.472,8.3,53.72,6.472
FRA_F5(Na),FRA,P0,4.751,71.441,15.036,3.7,55.639,15.036,3.997,60.099,15.036,4.395,66.085,15.036,4.751,71.441,15.036,3.982,59.875,15.036,4.087,61.448,15.036,4.579,68.851,15.036,7.86,51.406,6.54,7.157,46.808,6.54,5.483,35.858,6.54,3.448,22.552,6.54,7.86,51.406,6.54,8.155,53.333,6.54,8.378,54.793,6.54,8.3,54.282,6.54
FRA_F5(Na),FRA,P1,4.751,71.162,14.977,3.7,55.421,14.977,3.997,59.864,14.977,4.395,65.826,14.977,4.751,71.162,14.977,3.982,59.641,14.977,4.087,61.208,14.977,4.579,68.582,14.977,7.86,49.569,6.306,7.157,45.136,6.306,5.483,34.577,6.306,3.448,21.746,6.306,7.86,49.569,6.306,8.155,51.428,6.306,8.378,52.836,6.306,8.3,52.343,6.306
FRA_F5(Na),FRA,P2,4.751,74.077,15.591,3.7,57.691,15.591,3.997,62.316,15.591,4.395,68.523,15.591,4.751,74.077,15.591,3.982,62.084,15.591,4.087,63.715,15.591,4.579,71.391,15.591,7.86,54.72,6.962,7.157,49.826,6.962,5.483,38.17,6.962,3.448,24.006,6.962,7.86,54.72,6.962,8.155,56.772,6.962,8.378,58.326,6.962,8.3,57.782,6.962
FRA_F5(Na),FRA,P3,4.751,67.633,14.235,3.7,52.673,14.235,3.997,56.896,14.235,4.395,62.563,14.235,4.751,67.633,14.235,3.982,56.684,14.235,4.087,58.173,14.235,4.579,65.181,14.235,7.86,47.953,6.101,7.157,43.664,6.101,5.483,33.45,6.101,3.448,21.037,6.101,7.86,47.953,6.101,8.155,49.751,6.101,8.378,51.113,6.101,8.3,50.636,6.101
FRA_F5(Na),FRA,P8,4.751,78.818,16.589,3.7,61.384,16.589,3.997,66.305,16.589,4.395,72.909,16.589,4.751,78.818,16.589,3.982,66.058,16.589,4.087,67.793,16.589,4.579,75.961,16.589,7.86,56.032,7.129,7.157,51.021,7.129,5.483,39.086,7.129,3.448,24.581,7.129,7.86,56.032,7.129,8.155,58.134,7.129,8.378,59.725,7.129,8.3,59.168,7.129
FRA_F5(Na),FRA,P9,4.751,68.374,14.391,3.7,53.25,14.391,3.997,57.519,14.391,4.395,63.247,14.391,4.751,68.374,14.391,3.982,57.305,14.391,4.087,58.81,14.391,4.579,65.895,14.391,7.86,49.096,6.246,7.157,44.705,6.246,5.483,34.248,6.246,3.448,21.539,6.246,7.86,49.096,6.246,8.155,50.938,6.246,8.378,52.332,6.246,8.3,51.844,6.246
FRA_F5(Na),FRA,Q0,4.751,76.214,16.041,3.7,59.355,16.041,3.997,64.114,16.041,4.395,70.499,16.041,4.751,76.214,16.041,3.982,63.875,16.041,4.087,65.553,16.041,4.579,73.451,16.041,7.86,55.037,7.002,7.157,50.114,7.002,5.483,38.391,7.002,3.448,24.145,7.002,7.86,55.037,7.002,8.155,57.101,7.002,8.378,58.664,7.002,8.3,58.117,7.002
FRA_F5(Na),FRA,Q1,4.751,78.58,16.539,3.7,61.198,16.539,3.997,66.105,16.539,4.395,72.688,16.539,4.751,78.58,16.539,3.982,65.858,16.539,4.087,67.588,16.539,4.579,75.731,16.539,7.86,52.268,6.65,7.157,47.593,6.65,5.483,36.46,6.65,3.448,22.93,6.65,7.86,52.268,6.65,8.155,54.228,6.65,8.378,55.712,6.65,8.3,55.193,6.65
FRA_M1(Se),FRA,O1,4.751,92.875,19.548,3.7,72.332,19.548,3.997,78.13,19.548,4.395,85.912,19.548,4.751,92.875,19.548,3.982,77.839,19.548,4.087,79.884,19.548,4.579,89.508,19.548,7.86,66.154,8.416,7.157,60.237,8.416,5.483,46.146,8.416,3.448,29.022,8.416,7.86,66.154,8.416,8.155,68.635,8.416,8.378,70.514,8.416,8.3,69.856,8.416
FRA_M1(Se),FRA,O2,4.751,92.787,19.529,3.7,72.263,19.529,3.997,78.056,19.529,4.395,85.83,19.529,4.751,92.787,19.529,3.982,77.765,19.529,4.087,79.808,19.529,4.579,89.423,19.529,7.86,69.285,8.815,7.157,63.088,8.815,5.483,48.33,8.815,3.448,30.395,8.815,7.86,69.285,8.815,8.155,71.883,8.815,8.378,73.851,8.815,8.3,73.162,8.815
FRA_M1(Se),FRA,O3,4.751,80.303,16.901,3.7,62.54,16.901,3.997,67.554,16.901,4.395,74.282,16.901,4.751,80.303,16.901,3.982,67.302,16.901,4.087,69.07,16.901,4.579,77.392,16.901,7.86,59.044,7.512,7.157,53.763,7.512,5.483,41.187,7.512,3.448,25.903,7.512,7.86,59.044,7.512,8.155,61.258,7.512,8.378,62.935,7.512,8.3,62.348,7.512
FRA_M1(Se),FRA,O4,4.751,87.75,18.469,3.7,68.34,18.469,3.997,73.819,18.469,4.395,81.171,18.469,4.751,87.75,18.469,3.982,73.544,18.469,4.087,75.476,18.469,4.579,84.569,18.469,7.86,65.14,8.287,7.157,59.314,8.287,5.483,45.439,8.287,3.448,28.577,8.287,7.86,65.14,8.287,8.155,67.583,8.287,8.378,69.433,8.287,8.3,68.785,8.287
FRA_M1(Se),FRA,O6,4.751,87.479,18.412,3.7,68.129,18.412,3.997,73.591,18.412,4.395,80.92,18.412,4.751,87.479,18.412,3.982,73.317,18.412,4.087,75.243,18.412,4.579,84.308,18.412,7.86,63.101,8.028,7.157,57.458,8.028,5.483,44.017,8.028,3.448,27.683,8.028,7.86,63.101,8.028,8.155,65.468,8.028,8.378,67.26,8.028,8.3,66.633,8.028
FRA_M1(Se),FRA,O8,4.751,93.132,19.602,3.7,72.532,19.602,3.997,78.346,19.602,4.395,86.149,19.602,4.751,93.132,19.602,3.982,78.055,19.602,4.087,80.105,19.602,4.579,89.756,19.602,7.86,65.137,8.287,7.157,59.311,8.287,5.483,45.437,8.287,3.448,28.575,8.287,7.86,65.137,8.287,8.155,67.579,8.287,8.378,69.429,8.287,8.3,68.782,8.287
FRA_M1(Se),FRA,O9,4.751,85.135,17.918,3.7,66.304,17.918,3.997,71.619,17.918,4.395,78.752,17.918,4.751,85.135,17.918,3.982,71.352,17.918,4.087,73.227,17.918,4.579,82.049,17.918,7.86,59.879,7.618,7.157,54.524,7.618,5.483,41.769,7.618,3.448,26.269,7.618,7.86,59.879,7.618,8.155,62.125,7.618,8.378,63.825,7.618,8.3,63.23,7.618
FRA_M1(Se),FRA,P0,4.751,94.954,19.985,3.7,73.951,19.985,3.997,79.879,19.985,4.395,87.835,19.985,4.751,94.954,19.985,3.982,79.582,19.985,4.087,81.672,19.985,4.579,91.512,19.985,7.86,68.324,8.692,7.157,62.214,8.692,5.483,47.66,8.692,3.448,29.974,8.692,7.86,68.324,8.692,8.155,70.887,8.692,8.378,72.827,8.692,8.3,72.148,8.692
FRA_M1(Se),FRA,P1,4.751,91.516,19.261,3.7,71.273,19.261,3.997,76.987,19.261,4.395,84.654,19.261,4.751,91.516,19.261,3.982,76.7,19.261,4.087,78.715,19.261,4.579,88.198,19.261,7.86,63.747,8.11,7.157,58.046,8.11,5.483,44.467,8.11,3.448,27.966,8.11,7.86,63.747,8.11,8.155,66.138,8.11,8.378,67.948,8.11,8.3,67.314,8.11
FRA_M1(Se),FRA,P2,4.751,82.58,17.381,3.7,64.314,17.381,3.997,69.47,17.381,4.395,76.389,17.381,4.751,82.58,17.381,3.982,69.211,17.381,4.087,71.029,17.381,4.579,79.586,17.381,7.86,61.001,7.761,7.157,55.545,7.761,5.483,42.552,7.761,3.448,26.761,7.761,7.86,61.001,7.761,8.155,63.289,7.761,8.378,65.021,7.761,8.3,64.415,7.761
FRA_M1(Se),FRA,P3,4.751,91.496,19.257,3.7,71.257,19.257,3.997,76.97,19.257,4.395,84.636,19.257,4.751,91.496,19.257,3.982,76.683,19.257,4.087,78.698,19.257,4.579,88.179,19.257,7.86,64.871,8.253,7.157,59.069,8.253,5.483,45.251,8.253,3.448,28.459,8.253,7.86,64.871,8.253,8.155,67.304,8.253,8.378,69.146,8.253,8.3,68.502,8.253
FRA_M1(Se),FRA,P8,4.751,103.324,21.747,3.7,80.469,21.747,3.997,86.92,21.747,4.395,95.577,21.747,4.751,103.324,21.747,3.982,86.597,21.747,4.087,88.871,21.747,4.579,99.578,21.747,7.86,73.454,9.345,7.157,66.884,9.345,5.483,51.238,9.345,3.448,32.224,9.345,7.86,73.454,9.345,8.155,76.208,9.345,8.378,78.294,9.345,8.3,77.564,9.345
FRA_M1(Se),FRA,P9,4.751,84.014,17.682,3.7,65.43,17.682,3.997,70.676,17.682,4.395,77.715,17.682,4.751,84.014,17.682,3.982,70.413,17.682,4.087,72.262,17.682,4.579,80.968,17.682,7.86,60.327,7.675,7.157,54.931,7.675,5.483,42.081,7.675,3.448,26.465,7.675,7.86,60.327,7.675,8.155,62.589,7.675,8.378,64.302,7.675,8.3,63.703,7.675
FRA_M1(Se),FRA,Q0,4.751,100.194,21.088,3.7,78.031,21.088,3.997,84.287,21.088,4.395,92.682,21.088,4.751,100.194,21.088,3.982,83.973,21.088,4.087,86.179,21.088,4.579,96.561,21.088,7.86,72.354,9.205,7.157,65.882,9.205,5.483,50.471,9.205,3.448,31.742,9.205,7.86,72.354,9.205,8.155,75.067,9.205,8.378,77.122,9.205,8.3,76.403,9.205
FRA_M1(Se),FRA,Q1,4.751,100.408,21.133,3.7,78.198,21.133,3.997,84.467,21.133,4.395,92.879,21.133,4.751,100.408,21.133,3.982,84.152,21.133,4.087,86.363,21.133,4.579,96.767,21.133,7.86,66.786,8.497,7.157,60.813,8.497,5.483,46.587,8.497,3.448,29.299,8.497,7.86,66.786,8.497,8.155,69.291,8.497,8.378,71.187,8.497,8.3,70.524,8.497
FRA_M2(Ar),FRA,O1,4.751,86.532,18.212,3.7,67.392,18.212,3.997,72.794,18.212,4.395,80.044,18.212,4.751,86.532,18.212,3.982,72.523,18.212,4.087,74.428,18.212,4.579,83.395,18.212,7.86,61.636,7.841,7.157,56.123,7.841,5.483,42.995,7.841,3.448,27.04,7.841,7.86,61.636,7.841,8.155,63.947,7.841,8.378,65.698,7.841,8.3,65.085,7.841
FRA_M2(Ar),FRA,O2,4.751,82.282,17.318,3.7,64.082,17.318,3.997,69.219,17.318,4.395,76.113,17.318,4.751,82.282,17.318,3.982,68.961,17.318,4.087,70.773,17.318,4.579,79.299,17.318,7.86,61.441,7.817,7.157,55.946,7.817,5.483,42.859,7.817,3.448,26.954,7.817,7.86,61.441,7.817,8.155,63.745,7.817,8.378,65.49,7.817,8.3,64.88,7.817
FRA_M2(Ar),FRA,O3,4.751,72.94,15.352,3.7,56.806,15.352,3.997,61.36,15.352,4.395,67.471,15.352,4.751,72.94,15.352,3.982,61.132,15.352,4.087,62.738,15.352,4.579,70.296,15.352,7.86,53.631,6.823,7.157,48.834,6.823,5.483,37.41,6.823,3.448,23.528,6.823,7.86,53.631,6.823,8.155,55.642,6.823,8.378,57.165,6.823,8.3,56.632,6.823
FRA_M2(Ar),FRA,O4,4.751,81.51,17.155,3.7,63.48,17.155,3.997,68.569,17.155,4.395,75.398,17.155,4.751,81.51,17.155,3.982,68.314,17.155,4.087,70.108,17.155,4.579,78.555,17.155,7.86,60.508,7.698,7.157,55.096,7.698,5.483,42.208,7.698,3.448,26.545,7.698,7.86,60.508,7.698,8.155,62.777,7.698,8.378,64.495,7.698,8.3,63.894,7.698
FRA_M2(Ar),FRA,O6,4.751,81.838,17.224,3.7,63.736,17.224,3.997,68.845,17.224,4.395,75.702,17.224,4.751,81.838,17.224,3.982,68.589,17.224,4.087,70.391,17.224,4.579,78.871,17.224,7.86,59.032,7.51,7.157,53.752,7.51,5.483,41.178,7.51,3.448,25.897,7.51,7.86,59.032,7.51,8.155,61.246,7.51,8.378,62.922,7.51,8.3,62.336,7.51
FRA_M2(Ar),FRA,O8,4.751,83.189,17.509,3.7,64.788,17.509,3.997,69.982,17.509,4.395,76.952,17.509,4.751,83.189,17.509,3.982,69.721,17.509,4.087,71.553,17.509,4.579,80.173,17.509,7.86,58.182,7.402,7.157,52.979,7.402,5.483,40.586,7.402,3.448,25.525,7.402,7.86,58.182,7.402,8.155,60.364,7.402,8.378,62.017,7.402,8.3,61.439,7.402
FRA_M2(Ar),FRA,O9,4.751,77.638,16.341,3.7,60.465,16.341,3.997,65.312,16.341,4.395,71.817,16.341,4.751,77.638,16.341,3.982,65.069,16.341,4.087,66.778,16.341,4.579,74.823,16.341,7.86,54.606,6.947,7.157,49.722,6.947,5.483,38.091,6.947,3.448,23.956,6.947,7.86,54.606,6.947,8.155,56.654,6.947,8.378,58.205,6.947,8.3,57.662,6.947
FRA_M2(Ar),FRA,P0,4.751,75.359,15.861,3.7,58.69,15.861,3.997,63.395,15.861,4.395,69.709,15.861,4.751,75.359,15.861,3.982,63.159,15.861,4.087,64.818,15.861,4.579,72.627,15.861,7.86,54.224,6.899,7.157,49.375,6.899,5.483,37.825,6.899,3.448,23.788,6.899,7.86,54.224,6.899,8.155,56.258,6.899,8.378,57.798,6.899,8.3,57.259,6.899
FRA_M2(Ar),FRA,P1,4.751,79.088,16.646,3.7,61.594,16.646,3.997,66.532,16.646,4.395,73.159,16.646,4.751,79.088,16.646,3.982,66.284,16.646,4.087,68.026,16.646,4.579,76.221,16.646,7.86,55.09,7.009,7.157,50.163,7.009,5.483,38.429,7.009,3.448,24.168,7.009,7.86,55.09,7.009,8.155,57.156,7.009,8.378,58.721,7.009,8.3,58.173,7.009
FRA_M2(Ar),FRA,P2,4.751,81.656,17.186,3.7,63.594,17.186,3.997,68.692,17.186,4.395,75.534,17.186,4.751,81.656,17.186,3.982,68.437,17.186,4.087,70.234,17.186,4.579,78.696,17.186,7.86,60.318,7.674,7.157,54.924,7.674,5.483,42.076,7.674,3.448,26.462,7.674,7.86,60.318,7.674,8.155,62.58,7.674,8.378,64.293,7.674,8.3,63.694,7.674
FRA_M2(Ar),FRA,P3,4.751,83.617,17.599,3.7,65.121,17.599,3.997,70.342,17.599,4.395,77.348,17.599,4.751,83.617,17.599,3.982,70.08,17.599,4.087,71.921,17.599,4.579,80.586,17.599,7.86,59.285,7.542,7.157,53.983,7.542,5.483,41.355,7.542,3.448,26.008,7.542,7.86,59.285,7.542,8.155,61.509,7.542,8.378,63.192,7.542,8.3,62.603,7.542
FRA_M2(Ar),FRA,P8,4.751,91.075,19.169,3.7,70.929,19.169,3.997,76.616,19.169,4.395,84.246,19.169,4.751,91.075,19.169,3.982,76.33,19.169,4.087,78.335,19.169,4.579,87.773,19.169,7.86,64.746,8.237,7.157,58.955,8.237,5.483,45.164,8.237,3.448,28.404,8.237,7.86,64.746,8.237,8.155,67.174,8.237,8.378,69.012,8.237,8.3,68.369,8.237
FRA_M2(Ar),FRA,P9,4.751,84.523,17.79,3.7,65.827,17.79,3.997,71.104,17.79,4.395,78.185,17.79,4.751,84.523,17.79,3.982,70.839,17.79,4.087,72.7,17.79,4.579,81.458,17.79,7.86,60.692,7.721,7.157,55.264,7.721,5.483,42.336,7.721,3.448,26.626,7.721,7.86,60.692,7.721,8.155,62.968,7.721,8.378,64.692,7.721,8.3,64.089,7.721
FRA_M2(Ar),FRA,Q0,4.751,85.037,17.898,3.7,66.227,17.898,3.997,71.536,17.898,4.395,78.661,17.898,4.751,85.037,17.898,3.982,71.27,17.898,4.087,73.142,17.898,4.579,81.954,17.898,7.86,61.408,7.812,7.157,55.916,7.812,5.483,42.836,7.812,3.448,26.94,7.812,7.86,61.408,7.812,8.155,63.711,7.812,8.378,65.455,7.812,8.3,64.845,7.812
FRA_M2(Ar),FRA,Q1,4.751,89.49,18.835,3.7,69.695,18.835,3.997,75.282,18.835,4.395,82.78,18.835,4.751,89.49,18.835,3.982,75.002,18.835,4.087,76.972,18.835,4.579,86.245,18.835,7.86,59.524,7.573,7.157,54.2,7.573,5.483,41.521,7.573,3.448,26.113,7.573,7.86,59.524,7.573,8.155,61.756,7.573,8.378,63.447,7.573,8.3,62.855,7.573
FRA_M3(Pi),FRA,O1,4.751,85.097,17.91,3.7,66.274,17.91,3.997,71.587,17.91,4.395,78.717,17.91,4.751,85.097,17.91,3.982,71.32,17.91,4.087,73.194,17.91,4.579,82.012,17.91,7.86,60.614,7.711,7.157,55.193,7.711,5.483,42.282,7.711,3.448,26.591,7.711,7.86,60.614,7.711,8.155,62.887,7.711,8.378,64.608,7.711,8.3,64.006,7.711
FRA_M3(Pi),FRA,O2,4.751,79.601,16.754,3.7,61.993,16.754,3.997,66.963,16.754,4.395,73.632,16.754,4.751,79.601,16.754,3.982,66.714,16.754,4.087,68.466,16.754,4.579,76.715,16.754,7.86,59.439,7.562,7.157,54.122,7.562,5.483,41.462,7.562,3.448,26.076,7.562,7.86,59.439,7.562,8.155,61.668,7.562,8.378,63.356,7.562,8.3,62.765,7.562
FRA_M3(Pi),FRA,O3,4.751,72.12,15.179,3.7,56.168,15.179,3.997,60.67,15.179,4.395,66.713,15.179,4.751,72.12,15.179,3.982,60.444,15.179,4.087,62.032,15.179,4.579,69.506,15.179,7.86,53.028,6.746,7.157,48.285,6.746,5.483,36.99,6.746,3.448,23.263,6.746,7.86,53.028,6.746,8.155,55.016,6.746,8.378,56.522,6.746,8.3,55.995,6.746
FRA_M3(Pi),FRA,O4,4.751,72.571,15.274,3.7,56.519,15.274,3.997,61.05,15.274,4.395,67.13,15.274,4.751,72.571,15.274,3.982,60.822,15.274,4.087,62.42,15.274,4.579,69.94,15.274,7.86,53.872,6.854,7.157,49.054,6.854,5.483,37.579,6.854,3.448,23.634,6.854,7.86,53.872,6.854,8.155,55.893,6.854,8.378,57.423,6.854,8.3,56.887,6.854
FRA_M3(Pi),FRA,O6,4.751,87.175,18.348,3.7,67.892,18.348,3.997,73.335,18.348,4.395,80.639,18.348,4.751,87.175,18.348,3.982,73.062,18.348,4.087,74.981,18.348,4.579,84.015,18.348,7.86,62.882,8.0,7.157,57.258,8.0,5.483,43.864,8.0,3.448,27.586,8.0,7.86,62.882,8.0,8.155,65.24,8.0,8.378,67.026,8.0,8.3,66.401,8.0
FRA_M3(Pi),FRA,O8,4.751,92.836,19.539,3.7,72.301,19.539,3.997,78.098,19.539,4.395,85.876,19.539,4.751,92.836,19.539,3.982,77.807,19.539,4.087,79.85,19.539,4.579,89.47,19.539,7.86,64.93,8.261,7.157,59.122,8.261,5.483,45.292,8.261,3.448,28.485,8.261,7.86,64.93,8.261,8.155,67.365,8.261,8.378,69.208,8.261,8.3,68.563,8.261
FRA_M3(Pi),FRA,O9,4.751,78.794,16.584,3.7,61.365,16.584,3.997,66.285,16.584,4.395,72.887,16.584,4.751,78.794,16.584,3.982,66.038,16.584,4.087,67.773,16.584,4.579,75.938,16.584,7.86,55.42,7.051,7.157,50.463,7.051,5.483,38.658,7.051,3.448,24.313,7.051,7.86,55.42,7.051,8.155,57.498,7.051,8.378,59.072,7.051,8.3,58.521,7.051
FRA_M3(Pi),FRA,P0,4.751,83.809,17.639,3.7,65.271,17.639,3.997,70.503,17.639,4.395,77.525,17.639,4.751,83.809,17.639,3.982,70.241,17.639,4.087,72.086,17.639,4.579,80.771,17.639,7.86,60.305,7.672,7.157,54.911,7.672,5.483,42.066,7.672,3.448,26.456,7.672,7.86,60.305,7.672,8.155,62.566,7.672,8.378,64.279,7.672,8.3,63.68,7.672
FRA_M3(Pi),FRA,P1,4.751,86.683,18.244,3.7,67.509,18.244,3.997,72.921,18.244,4.395,80.183,18.244,4.751,86.683,18.244,3.982,72.649,18.244,4.087,74.558,18.244,4.579,83.54,18.244,7.86,60.38,7.682,7.157,54.98,7.682,5.483,42.119,7.682,3.448,26.489,7.682,7.86,60.38,7.682,8.155,62.645,7.682,8.378,64.359,7.682,8.3,63.759,7.682
FRA_M3(Pi),FRA,P2,4.751,84.985,17.887,3.7,66.187,17.887,3.997,71.493,17.887,4.395,78.613,17.887,4.751,84.985,17.887,3.982,71.226,17.887,4.087,73.097,17.887,4.579,81.904,17.887,7.86,62.777,7.987,7.157,57.163,7.987,5.483,43.791,7.987,3.448,27.54,7.987,7.86,62.777,7.987,8.155,65.131,7.987,8.378,66.914,7.987,8.3,66.29,7.987
FRA_M3(Pi),FRA,P3,4.751,76.194,16.037,3.7,59.34,16.037,3.997,64.098,16.037,4.395,70.481,16.037,4.751,76.194,16.037,3.982,63.859,16.037,4.087,65.536,16.037,4.579,73.432,16.037,7.86,54.022,6.873,7.157,49.191,6.873,5.483,37.684,6.873,3.448,23.7,6.873,7.86,54.022,6.873,8.155,56.048,6.873,8.378,57.582,6.873,8.3,57.045,6.873
FRA_M3(Pi),FRA,P8,4.751,93.819,19.746,3.7,73.067,19.746,3.997,78.925,19.746,4.395,86.785,19.746,4.751,93.819,19.746,3.982,78.631,19.746,4.087,80.696,19.746,4.579,90.418,19.746,7.86,66.697,8.485,7.157,60.731,8.485,5.483,46.525,8.485,3.448,29.26,8.485,7.86,66.697,8.485,8.155,69.198,8.485,8.378,71.092,8.485,8.3,70.429,8.485
FRA_M3(Pi),FRA,P9,4.751,80.154,16.87,3.7,62.424,16.87,3.997,67.429,16.87,4.395,74.144,16.87,4.751,80.154,16.87,3.982,67.177,16.87,4.087,68.942,16.87,4.579,77.248,16.87,7.86,57.555,7.322,7.157,52.408,7.322,5.483,40.148,7.322,3.448,25.25,7.322,7.86,57.555,7.322,8.155,59.714,7.322,8.378,61.348,7.322,8.3,60.776,7.322
FRA_M3(Pi),FRA,Q0,4.751,78.154,16.449,3.7,60.866,16.449,3.997,65.746,16.449,4.395,72.294,16.449,4.751,78.154,16.449,3.982,65.501,16.449,4.087,67.222,16.449,4.579,75.32,16.449,7.86,56.438,7.18,7.157,51.39,7.18,5.483,39.369,7.18,3.448,24.759,7.18,7.86,56.438,7.18,8.155,58.554,7.18,8.378,60.157,7.18,8.3,59.596,7.18
FRA_M3(Pi),FRA,Q1,4.751,89.577,18.853,3.7,69.763,18.853,3.997,75.355,18.853,4.395,82.86,18.853,4.751,89.577,18.853,3.982,75.075,18.853,4.087,77.047,18.853,4.579,86.329,18.853,7.86,59.582,7.58,7.157,54.253,7.58,5.483,41.562,7.58,3.448,26.139,7.58,7.86,59.582,7.58,8.155,61.816,7.58,8.378,63.508,7.58,8.3,62.916,7.58
FRA_M4(No),FRA,O1,4.751,96.818,20.377,3.7,75.402,20.377,3.997,81.447,20.377,4.395,89.559,20.377,4.751,96.818,20.377,3.982,81.144,20.377,4.087,83.275,20.377,4.579,93.308,20.377,7.86,68.962,8.774,7.157,62.795,8.774,5.483,48.105,8.774,3.448,30.254,8.774,7.86,68.962,8.774,8.155,71.549,8.774,8.378,73.507,8.774,8.3,72.822,8.774
FRA_M4(No),FRA,O2,4.751,101.841,21.435,3.7,79.314,21.435,3.997,85.673,21.435,4.395,94.205,21.435,4.751,101.841,21.435,3.982,85.353,21.435,4.087,87.596,21.435,4.579,98.149,21.435,7.86,76.046,9.675,7.157,69.244,9.675,5.483,53.046,9.675,3.448,33.361,9.675,7.86,76.046,9.675,8.155,78.897,9.675,8.378,81.057,9.675,8.3,80.301,9.675
FRA_M4(No),FRA,O3,4.751,86.605,18.228,3.7,67.448,18.228,3.997,72.856,18.228,4.395,80.112,18.228,4.751,86.605,18.228,3.982,72.584,18.228,4.087,74.491,18.228,4.579,83.465,18.228,7.86,63.678,8.101,7.157,57.983,8.101,5.483,44.419,8.101,3.448,27.936,8.101,7.86,63.678,8.101,8.155,66.066,8.101,8.378,67.874,8.101,8.3,67.241,8.101
FRA_M4(No),FRA,O4,4.751,85.13,17.917,3.7,66.299,17.917,3.997,71.614,17.917,4.395,78.747,17.917,4.751,85.13,17.917,3.982,71.348,17.917,4.087,73.222,17.917,4.579,82.043,17.917,7.86,63.195,8.04,7.157,57.543,8.04,5.483,44.082,8.04,3.448,27.724,8.04,7.86,63.195,8.04,8.155,65.565,8.04,8.378,67.359,8.04,8.3,66.731,8.04
FRA_M4(No),FRA,O6,4.751,101.06,21.27,3.7,78.706,21.27,3.997,85.016,21.27,4.395,93.483,21.27,4.751,101.06,21.27,3.982,84.699,21.27,4.087,86.924,21.27,4.579,97.396,21.27,7.86,72.897,9.274,7.157,66.378,9.274,5.483,50.85,9.274,3.448,31.98,9.274,7.86,72.897,9.274,8.155,75.631,9.274,8.378,77.701,9.274,8.3,76.977,9.274
FRA_M4(No),FRA,O8,4.751,106.546,22.425,3.7,82.978,22.425,3.997,89.631,22.425,4.395,98.557,22.425,4.751,106.546,22.425,3.982,89.297,22.425,4.087,91.642,22.425,4.579,102.683,22.425,7.86,74.518,9.48,7.157,67.853,9.48,5.483,51.981,9.48,3.448,32.691,9.48,7.86,74.518,9.48,8.155,77.313,9.48,8.378,79.429,9.48,8.3,78.688,9.48
FRA_M4(No),FRA,O9,4.751,100.438,21.139,3.7,78.221,21.139,3.997,84.492,21.139,4.395,92.907,21.139,4.751,100.438,21.139,3.982,84.178,21.139,4.087,86.389,21.139,4.579,96.797,21.139,7.86,70.643,8.987,7.157,64.324,8.987,5.483,49.277,8.987,3.448,30.991,8.987,7.86,70.643,8.987,8.155,73.292,8.987,8.378,75.298,8.987,8.3,74.596,8.987
FRA_M4(No),FRA,P0,4.751,93.087,19.592,3.7,72.497,19.592,3.997,78.309,19.592,4.395,86.108,19.592,4.751,93.087,19.592,3.982,78.017,19.592,4.087,80.066,19.592,4.579,89.712,19.592,7.86,66.981,8.521,7.157,60.99,8.521,5.483,46.723,8.521,3.448,29.385,8.521,7.86,66.981,8.521,8.155,69.493,8.521,8.378,71.395,8.521,8.3,70.729,8.521
FRA_M4(No),FRA,P1,4.751,91.848,19.331,3.7,71.532,19.331,3.997,77.266,19.331,4.395,84.962,19.331,4.751,91.848,19.331,3.982,76.979,19.331,4.087,79.001,19.331,4.579,88.518,19.331,7.86,63.979,8.14,7.157,58.257,8.14,5.483,44.629,8.14,3.448,28.067,8.14,7.86,63.979,8.14,8.155,66.378,8.14,8.378,68.195,8.14,8.3,67.559,8.14
FRA_M4(No),FRA,P2,4.751,94.849,19.963,3.7,73.868,19.963,3.997,79.79,19.963,4.395,87.737,19.963,4.751,94.849,19.963,3.982,79.493,19.963,4.087,81.581,19.963,4.579,91.41,19.963,7.86,70.063,8.914,7.157,63.797,8.914,5.483,48.873,8.914,3.448,30.737,8.914,7.86,70.063,8.914,8.155,72.691,8.914,8.378,74.681,8.914,8.3,73.984,8.914
FRA_M4(No),FRA,P3,4.751,94.217,19.83,3.7,73.377,19.83,3.997,79.259,19.83,4.395,87.153,19.83,4.751,94.217,19.83,3.982,78.964,19.83,4.087,81.038,19.83,4.579,90.802,19.83,7.86,66.801,8.499,7.157,60.826,8.499,5.483,46.597,8.499,3.448,29.306,8.499,7.86,66.801,8.499,8.155,69.306,8.499,8.378,71.203,8.499,8.3,70.539,8.499
FRA_M4(No),FRA,P8,4.751,104.974,22.094,3.7,81.755,22.094,3.997,88.309,22.094,4.395,97.104,22.094,4.751,104.974,22.094,3.982,87.98,22.094,4.087,90.291,22.094,4.579,101.169,22.094,7.86,74.627,9.494,7.157,67.952,9.494,5.483,52.057,9.494,3.448,32.739,9.494,7.86,74.627,9.494,8.155,77.425,9.494,8.378,79.545,9.494,8.3,78.803,9.494
FRA_M4(No),FRA,P9,4.751,84.651,17.817,3.7,65.926,17.817,3.997,71.212,17.817,4.395,78.304,17.817,4.751,84.651,17.817,3.982,70.946,17.817,4.087,72.81,17.817,4.579,81.582,17.817,7.86,60.784,7.733,7.157,55.348,7.733,5.483,42.401,7.733,3.448,26.666,7.733,7.86,60.784,7.733,8.155,63.064,7.733,8.378,64.79,7.733,8.3,64.186,7.733
FRA_M4(No),FRA,Q0,4.751,98.952,20.826,3.7,77.064,20.826,3.997,83.242,20.826,4.395,91.533,20.826,4.751,98.952,20.826,3.982,82.932,20.826,4.087,85.111,20.826,4.579,95.364,20.826,7.86,71.457,9.091,7.157,65.066,9.091,5.483,49.845,9.091,3.448,31.348,9.091,7.86,71.457,9.091,8.155,74.136,9.091,8.378,76.166,9.091,8.3,75.456,9.091
FRA_M4(No),FRA,Q1,4.751,98.162,20.66,3.7,76.449,20.66,3.997,82.578,20.66,4.395,90.802,20.66,4.751,98.162,20.66,3.982,82.27,20.66,4.087,84.431,20.66,4.579,94.603,20.66,7.86,65.293,8.307,7.157,59.453,8.307,5.483,45.545,8.307,3.448,28.644,8.307,7.86,65.293,8.307,8.155,67.741,8.307,8.378,69.595,8.307,8.3,68.947,8.307
FRA_M5(Chr),FRA,O1,4.751,91.631,19.286,3.7,71.363,19.286,3.997,77.084,19.286,4.395,84.761,19.286,4.751,91.631,19.286,3.982,76.797,19.286,4.087,78.814,19.286,4.579,88.309,19.286,7.86,65.268,8.304,7.157,59.431,8.304,5.483,45.528,8.304,3.448,28.633,8.304,7.86,65.268,8.304,8.155,67.716,8.304,8.378,69.569,8.304,8.3,68.921,8.304
FRA_M5(Chr),FRA,O2,4.751,89.653,18.869,3.7,69.822,18.869,3.997,75.42,18.869,4.395,82.931,18.869,4.751,89.653,18.869,3.982,75.139,18.869,4.087,77.112,18.869,4.579,86.403,18.869,7.86,66.945,8.517,7.157,60.957,8.517,5.483,46.698,8.517,3.448,29.369,8.517,7.86,66.945,8.517,8.155,69.455,8.517,8.378,71.356,8.517,8.3,70.691,8.517
FRA_M5(Chr),FRA,O3,4.751,81.257,17.102,3.7,63.283,17.102,3.997,68.356,17.102,4.395,75.164,17.102,4.751,81.257,17.102,3.982,68.102,17.102,4.087,69.891,17.102,4.579,78.311,17.102,7.86,59.745,7.601,7.157,54.402,7.601,5.483,41.676,7.601,3.448,26.21,7.601,7.86,59.745,7.601,8.155,61.986,7.601,8.378,63.682,7.601,8.3,63.089,7.601
FRA_M5(Chr),FRA,O4,4.751,79.87,16.81,3.7,62.203,16.81,3.997,67.19,16.81,4.395,73.882,16.81,4.751,79.87,16.81,3.982,66.94,16.81,4.087,68.698,16.81,4.579,76.975,16.81,7.86,59.291,7.543,7.157,53.988,7.543,5.483,41.359,7.543,3.448,26.011,7.543,7.86,59.291,7.543,8.155,61.514,7.543,8.378,63.198,7.543,8.3,62.609,7.543
FRA_M5(Chr),FRA,O6,4.751,90.235,18.992,3.7,70.276,18.992,3.997,75.91,18.992,4.395,83.47,18.992,4.751,90.235,18.992,3.982,75.627,18.992,4.087,77.613,18.992,4.579,86.964,18.992,7.86,65.089,8.281,7.157,59.268,8.281,5.483,45.404,8.281,3.448,28.555,8.281,7.86,65.089,8.281,8.155,67.53,8.281,8.378,69.379,8.281,8.3,68.732,8.281
FRA_M5(Chr),FRA,O8,4.751,99.304,20.901,3.7,77.338,20.901,3.997,83.538,20.901,4.395,91.858,20.901,4.751,99.304,20.901,3.982,83.227,20.901,4.087,85.414,20.901,4.579,95.704,20.901,7.86,69.453,8.836,7.157,63.241,8.836,5.483,48.448,8.836,3.448,30.469,8.836,7.86,69.453,8.836,8.155,72.058,8.836,8.378,74.03,8.836,8.3,73.34,8.836
FRA_M5(Chr),FRA,O9,4.751,95.597,20.12,3.7,74.452,20.12,3.997,80.42,20.12,4.395,88.43,20.12,4.751,95.597,20.12,3.982,80.121,20.12,4.087,82.225,20.12,4.579,92.132,20.12,7.86,67.238,8.554,7.157,61.224,8.554,5.483,46.902,8.554,3.448,29.497,8.554,7.86,67.238,8.554,8.155,69.76,8.554,8.378,71.669,8.554,8.3,71.001,8.554
FRA_M5(Chr),FRA,P0,4.751,89.19,18.772,3.7,69.461,18.772,3.997,75.03,18.772,4.395,82.502,18.772,4.751,89.19,18.772,3.982,74.75,18.772,4.087,76.714,18.772,4.579,85.956,18.772,7.86,64.176,8.165,7.157,58.437,8.165,5.483,44.767,8.165,3.448,28.154,8.165,7.86,64.176,8.165,8.155,66.583,8.165,8.378,68.406,8.165,8.3,67.768,8.165
FRA_M5(Chr),FRA,P1,4.751,89.507,18.839,3.7,69.708,18.839,3.997,75.297,18.839,4.395,82.796,18.839,4.751,89.507,18.839,3.982,75.016,18.839,4.087,76.987,18.839,4.579,86.262,18.839,7.86,62.347,7.932,7.157,56.771,7.932,5.483,43.491,7.932,3.448,27.352,7.932,7.86,62.347,7.932,8.155,64.686,7.932,8.378,66.456,7.932,8.3,65.837,7.932
FRA_M5(Chr),FRA,P2,4.751,85.554,18.007,3.7,66.63,18.007,3.997,71.972,18.007,4.395,79.14,18.007,4.751,85.554,18.007,3.982,71.704,18.007,4.087,73.587,18.007,4.579,82.453,18.007,7.86,63.198,8.04,7.157,57.546,8.04,5.483,44.084,8.04,3.448,27.725,8.04,7.86,63.198,8.04,8.155,65.568,8.04,8.378,67.363,8.04,8.3,66.735,8.04
FRA_M5(Chr),FRA,P3,4.751,87.87,18.494,3.7,68.433,18.494,3.997,73.92,18.494,4.395,81.282,18.494,4.751,87.87,18.494,3.982,73.644,18.494,4.087,75.579,18.494,4.579,84.684,18.494,7.86,62.3,7.926,7.157,56.728,7.926,5.483,43.458,7.926,3.448,27.331,7.926,7.86,62.3,7.926,8.155,64.637,7.926,8.378,66.406,7.926,8.3,65.787,7.926
FRA_M5(Chr),FRA,P8,4.751,93.523,19.684,3.7,72.836,19.684,3.997,78.675,19.684,4.395,86.511,19.684,4.751,93.523,19.684,3.982,78.382,19.684,4.087,80.441,19.684,4.579,90.132,19.684,7.86,66.486,8.458,7.157,60.539,8.458,5.483,46.378,8.458,3.448,29.167,8.458,7.86,66.486,8.458,8.155,68.979,8.458,8.378,70.867,8.458,8.3,70.206,8.458
FRA_M5(Chr),FRA,P9,4.751,83.511,17.577,3.7,65.039,17.577,3.997,70.253,17.577,4.395,77.25,17.577,4.751,83.511,17.577,3.982,69.991,17.577,4.087,71.83,17.577,4.579,80.484,17.577,7.86,59.966,7.629,7.157,54.603,7.629,5.483,41.83,7.629,3.448,26.307,7.629,7.86,59.966,7.629,8.155,62.215,7.629,8.378,63.918,7.629,8.3,63.322,7.629
FRA_M5(Chr),FRA,Q0,4.751,95.101,20.016,3.7,74.065,20.016,3.997,80.002,20.016,4.395,87.97,20.016,4.751,95.101,20.016,3.982,79.704,20.016,4.087,81.798,20.016,4.579,91.653,20.016,7.86,68.676,8.737,7.157,62.533,8.737,5.483,47.905,8.737,3.448,30.128,8.737,7.86,68.676,8.737,8.155,71.251,8.737,8.378,73.201,8.737,8.3,72.519,8.737
FRA_M5(Chr),FRA,Q1,4.751,98.582,20.749,3.7,76.776,20.749,3.997,82.931,20.749,4.395,91.191,20.749,4.751,98.582,20.749,3.982,82.622,20.749,4.087,84.793,20.749,4.579,95.008,20.749,7.86,65.572,8.342,7.157,59.707,8.342,5.483,45.74,8.342,3.448,28.767,8.342,7.86,65.572,8.342,8.155,68.031,8.342,8.378,69.893,8.342,8.3,69.242,8.342
DEU_aj,DEU,O1,4.753,66.695,14.031,3.097,43.456,14.031,3.481,48.843,14.031,4.116,57.747,14.031,4.753,66.695,14.031,3.493,49.008,14.031,3.763,52.805,14.031,4.333,60.793,14.031,8.364,41.165,4.921,7.727,38.028,4.921,6.59,32.434,4.921,5.064,24.923,4.921,8.364,41.165,4.921,8.753,43.079,4.921,8.884,43.723,4.921,8.828,43.449,4.921
DEU_aj,DEU,O4,4.753,64.645,13.6,3.097,42.12,13.6,3.481,47.341,13.6,4.116,55.971,13.6,4.753,64.645,13.6,3.493,47.501,13.6,3.763,51.181,13.6,4.333,58.924,13.6,8.364,39.313,4.7,7.727,36.317,4.7,6.59,30.975,4.7,5.064,23.801,4.7,8.364,39.313,4.7,8.753,41.14,4.7,8.884,41.755,4.7,8.828,41.494,4.7
DEU_aj,DEU,O6,4.753,61.442,12.926,3.097,40.034,12.926,3.481,44.996,12.926,4.116,53.199,12.926,4.753,61.442,12.926,3.493,45.148,12.926,3.763,48.646,12.926,4.333,56.005,12.926,8.364,42.328,5.061,7.727,39.103,5.061,6.59,33.35,5.061,5.064,25.627,5.061,8.364,42.328,5.061,8.753,44.296,5.061,8.884,44.958,5.061,8.828,44.676,5.061
DEU_aj,DEU,O9,4.753,60.581,12.745,3.097,39.472,12.745,3.481,44.365,12.745,4.116,52.453,12.745,4.753,60.581,12.745,3.493,44.515,12.745,3.763,47.964,12.745,4.333,55.22,12.745,8.364,41.002,4.902,7.727,37.878,4.902,6.59,32.306,4.902,5.064,24.824,4.902,8.364,41.002,4.902,8.753,42.908,4.902,8.884,43.55,4.902,8.828,43.277,4.902
DEU_aj,DEU,P0,4.753,63.7,13.401,3.097,41.505,13.401,3.481,46.649,13.401,4.116,55.154,13.401,4.753,63.7,13.401,3.493,46.807,13.401,3.763,50.433,13.401,4.333,58.063,13.401,8.364,41.626,4.976,7.727,38.453,4.976,6.59,32.797,4.976,5.064,25.201,4.976,8.364,41.626,4.976,8.753,43.56,4.976,8.884,44.212,4.976,8.828,43.935,4.976
DEU_aj,DEU,Q0,4.753,61.352,12.907,3.097,39.975,12.907,3.481,44.93,12.907,4.116,53.121,12.907,4.753,61.352,12.907,3.493,45.081,12.907,3.763,48.574,12.907,4.333,55.923,12.907,8.364,42.277,5.054,7.727,39.055,5.054,6.59,33.31,5.054,5.064,25.595,5.054,8.364,42.277,5.054,8.753,44.241,5.054,8.884,44.903,5.054,8.828,44.622,5.054
DEU_bg,DEU,O2,4.753,102.813,21.63,3.097,66.989,21.63,3.481,75.293,21.63,4.116,89.019,21.63,4.753,102.813,21.63,3.493,75.547,21.63,3.763,81.4,21.63,4.333,93.715,21.63,8.364,67.141,8.027,7.727,62.025,8.027,6.59,52.9,8.027,5.064,40.649,8.027,8.364,67.141,8.027,8.753,70.262,8.027,8.884,71.312,8.027,8.828,70.865,8.027
DEU_bg,DEU,O3,4.753,91.09,19.163,3.097,59.351,19.163,3.481,66.707,19.163,4.116,78.868,19.163,4.753,91.09,19.163,3.493,66.932,19.163,3.763,72.118,19.163,4.333,83.029,19.163,8.364,60.428,7.224,7.727,55.823,7.224,6.59,47.611,7.224,5.064,36.584,7.224,8.364,60.428,7.224,8.753,63.236,7.224,8.884,64.182,7.224,8.828,63.78,7.224
DEU_bg,DEU,O8,4.753,100.321,21.106,3.097,65.365,21.106,3.481,73.468,21.106,4.116,86.861,21.106,4.753,100.321,21.106,3.493,73.715,21.106,3.763,79.427,21.106,4.333,91.443,21.106,8.364,64.625,7.726,7.727,59.7,7.726,6.59,50.918,7.726,5.064,39.126,7.726,8.364,64.625,7.726,8.753,67.629,7.726,8.884,68.64,7.726,8.828,68.21,7.726
DEU_bg,DEU,P1,4.753,99.23,20.876,3.097,64.655,20.876,3.481,72.669,20.876,4.116,85.917,20.876,4.753,99.23,20.876,3.493,72.914,20.876,3.763,78.563,20.876,4.333,90.449,20.876,8.364,66.412,7.94,7.727,61.351,7.94,6.59,52.326,7.94,5.064,40.207,7.94,8.364,66.412,7.94,8.753,69.499,7.94,8.884,70.538,7.94,8.828,70.096,7.94
DEU_bg,DEU,P2,4.753,90.601,19.061,3.097,59.033,19.061,3.481,66.35,19.061,4.116,78.446,19.061,4.753,90.601,19.061,3.493,66.574,19.061,3.763,71.732,19.061,4.333,82.584,19.061,8.364,57.766,6.906,7.727,53.363,6.906,6.59,45.513,6.906,5.064,34.973,6.906,8.364,57.766,6.906,8.753,60.45,6.906,8.884,61.354,6.906,8.828,60.97,6.906
DEU_bg,DEU,P3,4.753,105.052,22.101,3.097,68.448,22.101,3.481,76.933,22.101,4.116,90.958,22.101,4.753,105.052,22.101,3.493,77.192,22.101,3.763,83.173,22.101,4.333,95.756,22.101,8.364,65.615,7.844,7.727,60.614,7.844,6.59,51.698,7.844,5.064,39.725,7.844,8.364,65.615,7.844,8.753,68.664,7.844,8.884,69.691,7.844,8.828,69.254,7.844
DEU_bg,DEU,P8,4.753,91.73,19.298,3.097,59.768,19.298,3.481,67.176,19.298,4.116,79.423,19.298,4.753,91.73,19.298,3.493,67.403,19.298,3.763,72.625,19.298,4.333,83.613,19.298,8.364,58.087,6.944,7.727,53.66,6.944,6.59,45.766,6.944,5.064,35.167,6.944,8.364,58.087,6.944,8.753,60.786,6.944,8.884,61.695,6.944,8.828,61.309,6.944
DEU_bg,DEU,P9,4.753,96.919,20.39,3.097,63.149,20.39,3.481,70.976,20.39,4.116,83.915,20.39,4.753,96.919,20.39,3.493,71.216,20.39,3.763,76.733,20.39,4.333,88.342,20.39,8.364,63.329,7.571,7.727,58.503,7.571,6.59,49.897,7.571,5.064,38.341,7.571,8.364,63.329,7.571,8.753,66.273,7.571,8.884,67.263,7.571,8.828,66.842,7.571
DEU_bg,DEU,Q1,4.753,91.448,19.239,3.097,59.584,19.239,3.481,66.97,19.239,4.116,79.179,19.239,4.753,91.448,19.239,3.493,67.196,19.239,3.763,72.402,19.239,4.333,83.356,19.239,8.364,63.072,7.541,7.727,58.266,7.541,6.59,49.695,7.541,5.064,38.186,7.541,8.364,63.072,7.541,8.753,66.004,7.541,8.884,66.991,7.541,8.828,66.571,7.541
DEU_ga,DEU,O1,4.753,85.152,17.914,3.097,55.482,17.914,3.481,62.359,17.914,4.116,73.728,17.914,4.753,85.152,17.914,3.493,62.57,17.914,3.763,67.418,17.914,4.333,77.617,17.914,8.364,52.557,6.283,7.727,48.552,6.283,6.59,41.41,6.283,5.064,31.82,6.283,8.364,52.557,6.283,8.753,55.0,6.283,8.884,55.823,6.283,8.828,55.473,6.283
DEU_ga,DEU,O4,4.753,81.212,17.085,3.097,52.915,17.085,3.481,59.474,17.085,4.116,70.316,17.085,4.753,81.212,17.085,3.493,59.674,17.085,3.763,64.298,17.085,4.333,74.025,17.085,8.364,49.388,5.905,7.727,45.624,5.905,6.59,38.913,5.905,5.064,29.901,5.905,8.364,49.388,5.905,8.753,51.684,5.905,8.884,52.456,5.905,8.828,52.128,5.905
DEU_ga,DEU,O6,4.753,82.316,17.318,3.097,53.634,17.318,3.481,60.282,17.318,4.116,71.272,17.318,4.753,82.316,17.318,3.493,60.485,17.318,3.763,65.172,17.318,4.333,75.031,17.318,8.364,56.708,6.78,7.727,52.387,6.78,6.59,44.68,6.78,5.064,34.333,6.78,8.364,56.708,6.78,8.753,59.344,6.78,8.884,60.231,6.78,8.828,59.854,6.78
DEU_ga,DEU,O9,4.753,83.678,17.604,3.097,54.521,17.604,3.481,61.279,17.604,4.116,72.451,17.604,4.753,83.678,17.604,3.493,61.486,17.604,3.763,66.25,17.604,4.333,76.273,17.604,8.364,56.634,6.771,7.727,52.318,6.771,6.59,44.622,6.771,5.064,34.288,6.771,8.364,56.634,6.771,8.753,59.267,6.771,8.884,60.153,6.771,8.828,59.776,6.771
DEU_ga,DEU,P0,4.753,80.837,17.006,3.097,52.67,17.006,3.481,59.199,17.006,4.116,69.991,17.006,4.753,80.837,17.006,3.493,59.399,17.006,3.763,64.001,17.006,4.333,73.683,17.006,8.364,52.824,6.315,7.727,48.798,6.315,6.59,41.62,6.315,5.064,31.981,6.315,8.364,52.824,6.315,8.753,55.279,6.315,8.884,56.105,6.315,8.828,55.754,6.315
DEU_ga,DEU,Q0,4.753,83.929,17.657,3.097,54.685,17.657,3.481,61.464,17.657,4.116,72.669,17.657,4.753,83.929,17.657,3.493,61.671,17.657,3.763,66.449,17.657,4.333,76.502,17.657,8.364,57.834,6.914,7.727,53.427,6.914,6.59,45.568,6.914,5.064,35.014,6.914,8.364,57.834,6.914,8.753,60.522,6.914,8.884,61.427,6.914,8.828,61.042,6.914
DEU_hm,DEU,O2,4.753,91.589,19.269,3.097,59.676,19.269,3.481,67.073,19.269,4.116,79.301,19.269,4.753,91.589,19.269,3.493,67.299,19.269,3.763,72.514,19.269,4.333,83.484,19.269,8.364,59.811,7.151,7.727,55.253,7.151,6.59,47.125,7.151,5.064,36.211,7.151,8.364,59.811,7.151,8.753,62.591,7.151,8.884,63.527,7.151,8.828,63.129,7.151
DEU_hm,DEU,O3,4.753,80.771,16.993,3.097,52.627,16.993,3.481,59.151,16.993,4.116,69.934,16.993,4.753,80.771,16.993,3.493,59.35,16.993,3.763,63.948,16.993,4.333,73.623,16.993,8.364,53.582,6.406,7.727,49.499,6.406,6.59,42.217,6.406,5.064,32.44,6.406,8.364,53.582,6.406,8.753,56.073,6.406,8.884,56.911,6.406,8.828,56.554,6.406
DEU_hm,DEU,O8,4.753,95.521,20.096,3.097,62.238,20.096,3.481,69.952,20.096,4.116,82.705,20.096,4.753,95.521,20.096,3.493,70.188,20.096,3.763,75.626,20.096,4.333,87.068,20.096,8.364,61.533,7.356,7.727,56.844,7.356,6.59,48.482,7.356,5.064,37.254,7.356,8.364,61.533,7.356,8.753,64.393,7.356,8.884,65.356,7.356,8.828,64.946,7.356
DEU_hm,DEU,P1,4.753,94.385,19.857,3.097,61.498,19.857,3.481,69.121,19.857,4.116,81.722,19.857,4.753,94.385,19.857,3.493,69.354,19.857,3.763,74.727,19.857,4.333,86.033,19.857,8.364,63.169,7.552,7.727,58.355,7.552,6.59,49.771,7.552,5.064,38.244,7.552,8.364,63.169,7.552,8.753,66.105,7.552,8.884,67.093,7.552,8.828,66.673,7.552
DEU_hm,DEU,P2,4.753,81.841,17.218,3.097,53.324,17.218,3.481,59.934,17.218,4.116,70.86,17.218,4.753,81.841,17.218,3.493,60.136,17.218,3.763,64.796,17.218,4.333,74.599,17.218,8.364,52.18,6.238,7.727,48.204,6.238,6.59,41.113,6.238,5.064,31.591,6.238,8.364,52.18,6.238,8.753,54.605,6.238,8.884,55.422,6.238,8.828,55.074,6.238
DEU_hm,DEU,P3,4.753,89.852,18.903,3.097,58.544,18.903,3.481,65.801,18.903,4.116,77.797,18.903,4.753,89.852,18.903,3.493,66.023,18.903,3.763,71.139,18.903,4.333,81.901,18.903,8.364,56.121,6.709,7.727,51.844,6.709,6.59,44.218,6.709,5.064,33.977,6.709,8.364,56.121,6.709,8.753,58.729,6.709,8.884,59.607,6.709,8.828,59.234,6.709
DEU_hm,DEU,P8,4.753,83.77,17.623,3.097,54.581,17.623,3.481,61.347,17.623,4.116,72.53,17.623,4.753,83.77,17.623,3.493,61.554,17.623,3.763,66.323,17.623,4.333,76.357,17.623,8.364,53.046,6.342,7.727,49.003,6.342,6.59,41.795,6.342,5.064,32.115,6.342,8.364,53.046,6.342,8.753,55.511,6.342,8.884,56.341,6.342,8.828,55.988,6.342
DEU_hm,DEU,P9,4.753,89.972,18.928,3.097,58.622,18.928,3.481,65.889,18.928,4.116,77.9,18.928,4.753,89.972,18.928,3.493,66.111,18.928,3.763,71.233,18.928,4.333,82.01,18.928,8.364,58.79,7.029,7.727,54.31,7.029,6.59,46.32,7.029,5.064,35.593,7.029,8.364,58.79,7.029,8.753,61.522,7.029,8.884,62.442,7.029,8.828,62.051,7.029
DEU_hm,DEU,Q1,4.753,87.09,18.322,3.097,56.745,18.322,3.481,63.779,18.322,4.116,75.406,18.322,4.753,87.09,18.322,3.493,63.994,18.322,3.763,68.952,18.322,4.333,79.384,18.322,8.364,60.067,7.181,7.727,55.489,7.181,6.59,47.327,7.181,5.064,36.366,7.181,8.364,60.067,7.181,8.753,62.859,7.181,8.884,63.799,7.181,8.828,63.399,7.181
DEU_jm,DEU,O2,4.753,99.757,20.987,3.097,64.998,20.987,3.481,73.055,20.987,4.116,86.373,20.987,4.753,99.757,20.987,3.493,73.301,20.987,3.763,78.98,20.987,4.333,90.929,20.987,8.364,65.145,7.788,7.727,60.181,7.788,6.59,51.328,7.788,5.064,39.441,7.788,8.364,65.145,7.788,8.753,68.173,7.788,8.884,69.192,7.788,8.828,68.759,7.788
DEU_jm,DEU,O3,4.753,88.076,18.529,3.097,57.387,18.529,3.481,64.5,18.529,4.116,76.259,18.529,4.753,88.076,18.529,3.493,64.718,18.529,3.763,69.732,18.529,4.333,80.282,18.529,8.364,58.428,6.985,7.727,53.976,6.985,6.59,46.036,6.985,5.064,35.374,6.985,8.364,58.428,6.985,8.753,61.144,6.985,8.884,62.058,6.985,8.828,61.669,6.985
DEU_jm,DEU,O8,4.753,102.182,21.497,3.097,66.578,21.497,3.481,74.831,21.497,4.116,88.473,21.497,4.753,102.182,21.497,3.493,75.083,21.497,3.763,80.9,21.497,4.333,93.14,21.497,8.364,65.824,7.869,7.727,60.808,7.869,6.59,51.863,7.869,5.064,39.852,7.869,8.364,65.824,7.869,8.753,68.883,7.869,8.884,69.913,7.869,8.828,69.475,7.869
DEU_jm,DEU,P1,4.753,98.489,20.72,3.097,64.172,20.72,3.481,72.126,20.72,4.116,85.275,20.72,4.753,98.489,20.72,3.493,72.369,20.72,3.763,77.976,20.72,4.333,89.773,20.72,8.364,65.916,7.88,7.727,60.892,7.88,6.59,51.935,7.88,5.064,39.907,7.88,8.364,65.916,7.88,8.753,68.979,7.88,8.884,70.011,7.88,8.828,69.572,7.88
DEU_jm,DEU,P2,4.753,91.422,19.233,3.097,59.567,19.233,3.481,66.951,19.233,4.116,79.156,19.233,4.753,91.422,19.233,3.493,67.177,19.233,3.763,72.382,19.233,4.333,83.332,19.233,8.364,58.289,6.969,7.727,53.847,6.969,6.59,45.926,6.969,5.064,35.29,6.969,8.364,58.289,6.969,8.753,60.998,6.969,8.884,61.91,6.969,8.828,61.522,6.969
DEU_jm,DEU,P3,4.753,100.395,21.121,3.097,65.414,21.121,3.481,73.522,21.121,4.116,86.926,21.121,4.753,100.395,21.121,3.493,73.77,21.121,3.763,79.486,21.121,4.333,91.511,21.121,8.364,62.706,7.497,7.727,57.927,7.497,6.59,49.406,7.497,5.064,37.964,7.497,8.364,62.706,7.497,8.753,65.621,7.497,8.884,66.602,7.497,8.828,66.184,7.497
DEU_jm,DEU,P8,4.753,107.714,22.661,3.097,70.183,22.661,3.481,78.882,22.661,4.116,93.262,22.661,4.753,107.714,22.661,3.493,79.148,22.661,3.763,85.28,22.661,4.333,98.182,22.661,8.364,68.208,8.155,7.727,63.01,8.155,6.59,53.741,8.155,5.064,41.295,8.155,8.364,68.208,8.155,8.753,71.378,8.155,8.884,72.445,8.155,8.828,71.992,8.155
DEU_jm,DEU,P9,4.753,94.648,19.912,3.097,61.669,19.912,3.481,69.313,19.912,4.116,81.949,19.912,4.753,94.648,19.912,3.493,69.547,19.912,3.763,74.936,19.912,4.333,86.273,19.912,8.364,61.846,7.394,7.727,57.132,7.394,6.59,48.728,7.394,5.064,37.443,7.394,8.364,61.846,7.394,8.753,64.72,7.394,8.884,65.688,7.394,8.828,65.276,7.394
DEU_jm,DEU,Q1,4.753,93.761,19.725,3.097,61.091,19.725,3.481,68.663,19.725,4.116,81.181,19.725,4.753,93.761,19.725,3.493,68.895,19.725,3.763,74.233,19.725,4.333,85.464,19.725,8.364,64.667,7.731,7.727,59.739,7.731,6.59,50.951,7.731,5.064,39.151,7.731,8.364,64.667,7.731,8.753,67.673,7.731,8.884,68.685,7.731,8.828,68.254,7.731
DEU_mi,DEU,O2,4.753,64.659,13.603,3.097,42.13,13.603,3.481,47.352,13.603,4.116,55.984,13.603,4.753,64.659,13.603,3.493,47.512,13.603,3.763,51.193,13.603,4.333,58.938,13.603,8.364,42.225,5.048,7.727,39.007,5.048,6.59,33.269,5.048,5.064,25.564,5.048,8.364,42.225,5.048,8.753,44.188,5.048,8.884,44.848,5.048,8.828,44.567,5.048
DEU_mi,DEU,O3,4.753,57.148,12.023,3.097,37.236,12.023,3.481,41.851,12.023,4.116,49.481,12.023,4.753,57.148,12.023,3.493,41.992,12.023,3.763,45.246,12.023,4.333,52.091,12.023,8.364,37.911,4.532,7.727,35.022,4.532,6.59,29.87,4.532,5.064,22.953,4.532,8.364,37.911,4.532,8.753,39.673,4.532,8.884,40.267,4.532,8.828,40.014,4.532
DEU_mi,DEU,O8,4.753,69.47,14.615,3.097,45.264,14.615,3.481,50.874,14.615,4.116,60.149,14.615,4.753,69.47,14.615,3.493,51.046,14.615,3.763,55.001,14.615,4.333,63.322,14.615,8.364,44.751,5.35,7.727,41.341,5.35,6.59,35.259,5.35,5.064,27.094,5.35,8.364,44.751,5.35,8.753,46.831,5.35,8.884,47.531,5.35,8.828,47.233,5.35
DEU_mi,DEU,P1,4.753,66.048,13.895,3.097,43.034,13.895,3.481,48.369,13.895,4.116,57.186,13.895,4.753,66.048,13.895,3.493,48.532,13.895,3.763,52.292,13.895,4.333,60.203,13.895,8.364,44.204,5.285,7.727,40.835,5.285,6.59,34.828,5.285,5.064,26.762,5.285,8.364,44.204,5.285,8.753,46.258,5.285,8.884,46.95,5.285,8.828,46.656,5.285
DEU_mi,DEU,P2,4.753,62.029,13.05,3.097,40.416,13.05,3.481,45.425,13.05,4.116,53.706,13.05,4.753,62.029,13.05,3.493,45.579,13.05,3.763,49.11,13.05,4.333,56.54,13.05,8.364,39.548,4.728,7.727,36.534,4.728,6.59,31.16,4.728,5.064,23.944,4.728,8.364,39.548,4.728,8.753,41.386,4.728,8.884,42.005,4.728,8.828,41.742,4.728
DEU_mi,DEU,P3,4.753,59.971,12.617,3.097,39.075,12.617,3.481,43.919,12.617,4.116,51.925,12.617,4.753,59.971,12.617,3.493,44.067,12.617,3.763,47.481,12.617,4.333,54.664,12.617,8.364,37.458,4.478,7.727,34.603,4.478,6.59,29.513,4.478,5.064,22.678,4.478,8.364,37.458,4.478,8.753,39.199,4.478,8.884,39.785,4.478,8.828,39.535,4.478
DEU_mi,DEU,P8,4.753,64.385,13.545,3.097,41.951,13.545,3.481,47.151,13.545,4.116,55.747,13.545,4.753,64.385,13.545,3.493,47.31,13.545,3.763,50.976,13.545,4.333,58.688,13.545,8.364,40.771,4.874,7.727,37.664,4.874,6.59,32.123,4.874,5.064,24.684,4.874,8.364,40.771,4.874,8.753,42.666,4.874,8.884,43.304,4.874,8.828,43.032,4.874
DEU_mi,DEU,P9,4.753,59.362,12.489,3.097,38.678,12.489,3.481,43.472,12.489,4.116,51.397,12.489,4.753,59.362,12.489,3.493,43.619,12.489,3.763,46.998,12.489,4.333,54.109,12.489,8.364,38.788,4.637,7.727,35.832,4.637,6.59,30.561,4.637,5.064,23.483,4.637,8.364,38.788,4.637,8.753,40.591,4.637,8.884,41.198,4.637,8.828,40.94,4.637
DEU_mi,DEU,Q1,4.753,62.567,13.163,3.097,40.767,13.163,3.481,45.82,13.163,4.116,54.173,13.163,4.753,62.567,13.163,3.493,45.974,13.163,3.763,49.536,13.163,4.333,57.031,13.163,8.364,43.153,5.159,7.727,39.865,5.159,6.59,34.0,5.159,5.064,26.126,5.159,8.364,43.153,5.159,8.753,45.159,5.159,8.884,45.834,5.159,8.828,45.547,5.159
DEU_mj,DEU,O1,4.753,79.867,16.803,3.097,52.039,16.803,3.481,58.489,16.803,4.116,69.152,16.803,4.753,79.867,16.803,3.493,58.686,16.803,3.763,63.233,16.803,4.333,72.8,16.803,8.364,49.295,5.893,7.727,45.539,5.893,6.59,38.84,5.893,5.064,29.845,5.893,8.364,49.295,5.893,8.753,51.586,5.893,8.884,52.358,5.893,8.828,52.03,5.893
DEU_mj,DEU,O4,4.753,78.452,16.505,3.097,51.117,16.505,3.481,57.453,16.505,4.116,67.927,16.505,4.753,78.452,16.505,3.493,57.647,16.505,3.763,62.113,16.505,4.333,71.51,16.505,8.364,47.71,5.704,7.727,44.074,5.704,6.59,37.591,5.704,5.064,28.885,5.704,8.364,47.71,5.704,8.753,49.927,5.704,8.884,50.674,5.704,8.828,50.356,5.704
DEU_mj,DEU,O6,4.753,74.171,15.604,3.097,48.327,15.604,3.481,54.318,15.604,4.116,64.22,15.604,4.753,74.171,15.604,3.493,54.501,15.604,3.763,58.724,15.604,4.333,67.608,15.604,8.364,51.098,6.109,7.727,47.204,6.109,6.59,40.26,6.109,5.064,30.936,6.109,8.364,51.098,6.109,8.753,53.473,6.109,8.884,54.272,6.109,8.828,53.932,6.109
DEU_mj,DEU,O9,4.753,78.448,16.504,3.097,51.114,16.504,3.481,57.449,16.504,4.116,67.923,16.504,4.753,78.448,16.504,3.493,57.643,16.504,3.763,62.109,16.504,4.333,71.506,16.504,8.364,53.095,6.348,7.727,49.048,6.348,6.59,41.833,6.348,5.064,32.145,6.348,8.364,53.095,6.348,8.753,55.562,6.348,8.884,56.393,6.348,8.828,56.04,6.348
DEU_mj,DEU,P0,4.753,74.914,15.76,3.097,48.811,15.76,3.481,54.861,15.76,4.116,64.863,15.76,4.753,74.914,15.76,3.493,55.046,15.76,3.763,59.311,15.76,4.333,68.284,15.76,8.364,48.953,5.853,7.727,45.223,5.853,6.59,38.57,5.853,5.064,29.638,5.853,8.364,48.953,5.853,8.753,51.229,5.853,8.884,51.994,5.853,8.828,51.669,5.853
DEU_mj,DEU,Q0,4.753,77.671,16.341,3.097,50.608,16.341,3.481,56.881,16.341,4.116,67.25,16.341,4.753,77.671,16.341,3.493,57.073,16.341,3.763,61.495,16.341,4.333,70.798,16.341,8.364,53.522,6.399,7.727,49.443,6.399,6.59,42.17,6.399,5.064,32.404,6.399,8.364,53.522,6.399,8.753,56.01,6.399,8.884,56.847,6.399,8.828,56.491,6.399
DEU_qk,DEU,O1,4.753,82.935,17.448,3.097,54.037,17.448,3.481,60.736,17.448,4.116,71.808,17.448,4.753,82.935,17.448,3.493,60.94,17.448,3.763,65.662,17.448,4.333,75.596,17.448,8.364,51.189,6.12,7.727,47.288,6.12,6.59,40.332,6.12,5.064,30.991,6.12,8.364,51.189,6.12,8.753,53.568,6.12,8.884,54.369,6.12,8.828,54.028,6.12
DEU_qk,DEU,O4,4.753,83.305,17.526,3.097,54.279,17.526,3.481,61.007,17.526,4.116,72.128,17.526,4.753,83.305,17.526,3.493,61.212,17.526,3.763,65.955,17.526,4.333,75.933,17.526,8.364,50.661,6.057,7.727,46.8,6.057,6.59,39.916,6.057,5.064,30.672,6.057,8.364,50.661,6.057,8.753,53.016,6.057,8.884,53.808,6.057,8.828,53.471,6.057
DEU_qk,DEU,O6,4.753,75.73,15.932,3.097,49.343,15.932,3.481,55.459,15.932,4.116,65.57,15.932,4.753,75.73,15.932,3.493,55.646,15.932,3.763,59.958,15.932,4.333,69.029,15.932,8.364,52.172,6.237,7.727,48.196,6.237,6.59,41.106,6.237,5.064,31.586,6.237,8.364,52.172,6.237,8.753,54.596,6.237,8.884,55.413,6.237,8.828,55.065,6.237
DEU_qk,DEU,O9,4.753,76.798,16.157,3.097,50.039,16.157,3.481,56.241,16.157,4.116,66.494,16.157,4.753,76.798,16.157,3.493,56.431,16.157,3.763,60.803,16.157,4.333,70.002,16.157,8.364,51.978,6.214,7.727,48.017,6.214,6.59,40.953,6.214,5.064,31.469,6.214,8.364,51.978,6.214,8.753,54.394,6.214,8.884,55.207,6.214,8.828,54.861,6.214
DEU_qk,DEU,P0,4.753,78.533,16.522,3.097,51.169,16.522,3.481,57.512,16.522,4.116,67.996,16.522,4.753,78.533,16.522,3.493,57.706,16.522,3.763,62.177,16.522,4.333,71.583,16.522,8.364,51.318,6.135,7.727,47.407,6.135,6.59,40.434,6.135,5.064,31.069,6.135,8.364,51.318,6.135,8.753,53.703,6.135,8.884,54.506,6.135,8.828,54.165,6.135
DEU_qk,DEU,Q0,4.753,82.054,17.263,3.097,53.463,17.263,3.481,60.09,17.263,4.116,71.045,17.263,4.753,82.054,17.263,3.493,60.293,17.263,3.763,64.965,17.263,4.333,74.793,17.263,8.364,56.542,6.76,7.727,52.233,6.76,6.59,44.549,6.76,5.064,34.232,6.76,8.364,56.542,6.76,8.753,59.17,6.76,8.884,60.055,6.76,8.828,59.678,6.76
DEU_sm,DEU,O1,4.753,99.367,20.905,3.097,64.744,20.905,3.481,72.769,20.905,4.116,86.035,20.905,4.753,99.367,20.905,3.493,73.014,20.905,3.763,78.671,20.905,4.333,90.574,20.905,8.364,61.331,7.332,7.727,56.657,7.332,6.59,48.322,7.332,5.064,37.131,7.332,8.364,61.331,7.332,8.753,64.181,7.332,8.884,65.141,7.332,8.828,64.733,7.332
DEU_sm,DEU,O4,4.753,94.51,19.883,3.097,61.579,19.883,3.481,69.212,19.883,4.116,81.83,19.883,4.753,94.51,19.883,3.493,69.446,19.883,3.763,74.826,19.883,4.333,86.146,19.883,8.364,57.475,6.871,7.727,53.095,6.871,6.59,45.285,6.871,5.064,34.797,6.871,8.364,57.475,6.871,8.753,60.146,6.871,8.884,61.046,6.871,8.828,60.663,6.871
DEU_sm,DEU,O6,4.753,90.301,18.998,3.097,58.837,18.998,3.481,66.13,18.998,4.116,78.185,18.998,4.753,90.301,18.998,3.493,66.353,18.998,3.763,71.494,18.998,4.333,82.31,18.998,8.364,62.209,7.437,7.727,57.469,7.437,6.59,49.015,7.437,5.064,37.663,7.437,8.364,62.209,7.437,8.753,65.101,7.437,8.884,66.074,7.437,8.828,65.66,7.437
DEU_sm,DEU,O9,4.753,90.158,18.967,3.097,58.744,18.967,3.481,66.025,18.967,4.116,78.062,18.967,4.753,90.158,18.967,3.493,66.248,18.967,3.763,71.381,18.967,4.333,82.18,18.967,8.364,61.02,7.295,7.727,56.37,7.295,6.59,48.078,7.295,5.064,36.943,7.295,8.364,61.02,7.295,8.753,63.856,7.295,8.884,64.811,7.295,8.828,64.405,7.295
DEU_sm,DEU,P0,4.753,91.947,19.344,3.097,59.909,19.344,3.481,67.335,19.344,4.116,79.611,19.344,4.753,91.947,19.344,3.493,67.562,19.344,3.763,72.797,19.344,4.333,83.811,19.344,8.364,60.084,7.183,7.727,55.505,7.183,6.59,47.34,7.183,5.064,36.376,7.183,8.364,60.084,7.183,8.753,62.877,7.183,8.884,63.817,7.183,8.828,63.417,7.183
DEU_sm,DEU,Q0,4.753,93.314,19.632,3.097,60.8,19.632,3.481,68.337,19.632,4.116,80.794,19.632,4.753,93.314,19.632,3.493,68.567,19.632,3.763,73.88,19.632,4.333,85.057,19.632,8.364,64.301,7.687,7.727,59.401,7.687,6.59,50.663,7.687,5.064,38.93,7.687,8.364,64.301,7.687,8.753,67.29,7.687,8.884,68.296,7.687,8.828,67.868,7.687
DEU_ss,DEU,O2,4.753,62.492,13.147,3.097,40.718,13.147,3.481,45.765,13.147,4.116,54.108,13.147,4.753,62.492,13.147,3.493,45.919,13.147,3.763,49.477,13.147,4.333,56.962,13.147,8.364,40.81,4.879,7.727,37.7,4.879,6.59,32.154,4.879,5.064,24.707,4.879,8.364,40.81,4.879,8.753,42.707,4.879,8.884,43.345,4.879,8.828,43.074,4.879
DEU_ss,DEU,O3,4.753,54.921,11.554,3.097,35.785,11.554,3.481,40.22,11.554,4.116,47.552,11.554,4.753,54.921,11.554,3.493,40.356,11.554,3.763,43.483,11.554,4.333,50.061,11.554,8.364,36.434,4.356,7.727,33.657,4.356,6.59,28.706,4.356,5.064,22.058,4.356,8.364,36.434,4.356,8.753,38.127,4.356,8.884,38.697,4.356,8.828,38.455,4.356
DEU_ss,DEU,O8,4.753,67.991,14.304,3.097,44.3,14.304,3.481,49.792,14.304,4.116,58.869,14.304,4.753,67.991,14.304,3.493,49.959,14.304,3.763,53.83,14.304,4.333,61.974,14.304,8.364,43.799,5.236,7.727,40.461,5.236,6.59,34.509,5.236,5.064,26.517,5.236,8.364,43.799,5.236,8.753,45.834,5.236,8.884,46.52,5.236,8.828,46.228,5.236
DEU_ss,DEU,P1,4.753,62.869,13.226,3.097,40.963,13.226,3.481,46.04,13.226,4.116,54.434,13.226,4.753,62.869,13.226,3.493,46.196,13.226,3.763,49.775,13.226,4.333,57.305,13.226,8.364,42.076,5.03,7.727,38.87,5.03,6.59,33.152,5.03,5.064,25.474,5.03,8.364,42.076,5.03,8.753,44.032,5.03,8.884,44.69,5.03,8.828,44.41,5.03
DEU_ss,DEU,P2,4.753,64.152,13.496,3.097,41.799,13.496,3.481,46.98,13.496,4.116,55.545,13.496,4.753,64.152,13.496,3.493,47.139,13.496,3.763,50.791,13.496,4.333,58.475,13.496,8.364,40.902,4.89,7.727,37.785,4.89,6.59,32.227,4.89,5.064,24.763,4.89,8.364,40.902,4.89,8.753,42.803,4.89,8.884,43.443,4.89,8.828,43.171,4.89
DEU_ss,DEU,P3,4.753,70.162,14.761,3.097,45.715,14.761,3.481,51.382,14.761,4.116,60.749,14.761,4.753,70.162,14.761,3.493,51.555,14.761,3.763,55.55,14.761,4.333,63.954,14.761,8.364,43.823,5.239,7.727,40.483,5.239,6.59,34.528,5.239,5.064,26.532,5.239,8.364,43.823,5.239,8.753,45.86,5.239,8.884,46.545,5.239,8.828,46.254,5.239
DEU_ss,DEU,P8,4.753,65.528,13.786,3.097,42.696,13.786,3.481,47.988,13.786,4.116,56.737,13.786,4.753,65.528,13.786,3.493,48.15,13.786,3.763,51.881,13.786,4.333,59.73,13.786,8.364,41.495,4.961,7.727,38.332,4.961,6.59,32.694,4.961,5.064,25.122,4.961,8.364,41.495,4.961,8.753,43.423,4.961,8.884,44.073,4.961,8.828,43.796,4.961
DEU_ss,DEU,P9,4.753,59.253,12.466,3.097,38.607,12.466,3.481,43.392,12.466,4.116,51.303,12.466,4.753,59.253,12.466,3.493,43.539,12.466,3.763,46.912,12.466,4.333,54.009,12.466,8.364,38.717,4.629,7.727,35.767,4.629,6.59,30.505,4.629,5.064,23.44,4.629,8.364,38.717,4.629,8.753,40.517,4.629,8.884,41.123,4.629,8.828,40.865,4.629
DEU_ss,DEU,Q1,4.753,65.143,13.705,3.097,42.445,13.705,3.481,47.706,13.705,4.116,56.403,13.705,4.753,65.143,13.705,3.493,47.867,13.705,3.763,51.576,13.705,4.333,59.378,13.705,8.364,44.93,5.371,7.727,41.506,5.371,6.59,35.4,5.371,5.064,27.202,5.371,8.364,44.93,5.371,8.753,47.018,5.371,8.884,47.721,5.371,8.828,47.422,5.371
ENG_fa,ENG,O1,4.852,84.049,17.321,3.089,53.51,17.321,3.496,60.548,17.321,4.273,74.017,17.321,4.852,84.049,17.321,3.614,62.602,17.321,3.824,66.243,17.321,4.358,75.489,17.321,8.221,49.102,5.973,7.238,43.228,5.973,5.743,34.3,5.973,2.984,17.82,5.973,8.221,49.102,5.973,8.652,51.677,5.973,8.783,52.46,5.973,8.698,51.953,5.973
ENG_fa,ENG,O2,4.852,83.289,17.164,3.089,53.026,17.164,3.496,60.001,17.164,4.273,73.348,17.164,4.852,83.289,17.164,3.614,62.036,17.164,3.824,65.644,17.164,4.358,74.806,17.164,8.221,46.85,5.699,7.238,41.246,5.699,5.743,32.727,5.699,2.984,17.003,5.699,8.221,46.85,5.699,8.652,49.307,5.699,8.783,50.054,5.699,8.698,49.57,5.699
ENG_fa,ENG,O3,4.852,87.239,17.978,3.089,55.541,17.978,3.496,62.847,17.978,4.273,76.827,17.978,4.852,87.239,17.978,3.614,64.978,17.978,3.824,68.757,17.978,4.358,78.355,17.978,8.221,51.312,6.242,7.238,45.174,6.242,5.743,35.844,6.242,2.984,18.622,6.242,8.221,51.312,6.242,8.652,54.003,6.242,8.783,54.821,6.242,8.698,54.291,6.242
ENG_fa,ENG,O4,4.852,73.496,15.146,3.089,46.791,15.146,3.496,52.946,15.146,4.273,64.724,15.146,4.852,73.496,15.146,3.614,54.742,15.146,3.824,57.926,15.146,4.358,66.011,15.146,8.221,43.14,5.247,7.238,37.979,5.247,5.743,30.135,5.247,2.984,15.656,5.247,8.221,43.14,5.247,8.652,45.402,5.247,8.783,46.09,5.247,8.698,45.645,5.247
ENG_fa,ENG,O6,4.852,73.866,15.222,3.089,47.027,15.222,3.496,53.213,15.222,4.273,65.05,15.222,4.852,73.866,15.222,3.614,55.018,15.222,3.824,58.217,15.222,4.358,66.343,15.222,8.221,40.888,4.974,7.238,35.997,4.974,5.743,28.562,4.974,2.984,14.839,4.974,8.221,40.888,4.974,8.652,43.033,4.974,8.783,43.685,4.974,8.698,43.263,4.974
ENG_fa,ENG,O8,4.852,81.692,16.835,3.089,52.009,16.835,3.496,58.85,16.835,4.273,71.941,16.835,4.852,81.692,16.835,3.614,60.846,16.835,3.824,64.385,16.835,4.358,73.372,16.835,8.221,45.396,5.522,7.238,39.965,5.522,5.743,31.711,5.522,2.984,16.475,5.522,8.221,45.396,5.522,8.652,47.776,5.522,8.783,48.501,5.522,8.698,48.032,5.522
ENG_fa,ENG,O9,4.852,78.923,16.265,3.089,50.246,16.265,3.496,56.856,16.265,4.273,69.504,16.265,4.852,78.923,16.265,3.614,58.784,16.265,3.824,62.203,16.265,4.358,70.885,16.265,8.221,44.815,5.451,7.238,39.454,5.451,5.743,31.306,5.451,2.984,16.264,5.451,8.221,44.815,5.451,8.652,47.165,5.451,8.783,47.881,5.451,8.698,47.418,5.451
ENG_fa,ENG,P1,4.852,79.737,16.432,3.089,50.764,16.432,3.496,57.442,16.432,4.273,70.22,16.432,4.852,79.737,16.432,3.614,59.39,16.432,3.824,62.844,16.432,4.358,71.616,16.432,8.221,48.577,5.909,7.238,42.766,5.909,5.743,33.933,5.909,2.984,17.629,5.909,8.221,48.577,5.909,8.652,51.124,5.909,8.783,51.899,5.909,8.698,51.398,5.909
ENG_fa,ENG,P2,4.852,77.51,15.973,3.089,49.346,15.973,3.496,55.837,15.973,4.273,68.258,15.973,4.852,77.51,15.973,3.614,57.731,15.973,3.824,61.089,15.973,4.358,69.616,15.973,8.221,41.381,5.034,7.238,36.431,5.034,5.743,28.907,5.034,2.984,15.018,5.034,8.221,41.381,5.034,8.652,43.551,5.034,8.783,44.211,5.034,8.698,43.784,5.034
ENG_fa,ENG,P3,4.852,79.142,16.31,3.089,50.385,16.31,3.496,57.013,16.31,4.273,69.696,16.31,4.852,79.142,16.31,3.614,58.947,16.31,3.824,62.375,16.31,4.358,71.082,16.31,8.221,44.041,5.357,7.238,38.773,5.357,5.743,30.765,5.357,2.984,15.983,5.357,8.221,44.041,5.357,8.652,46.351,5.357,8.783,47.054,5.357,8.698,46.599,5.357
ENG_fb,ENG,Q0,4.852,88.061,18.148,3.089,56.064,18.148,3.496,63.439,18.148,4.273,77.551,18.148,4.852,88.061,18.148,3.614,65.59,18.148,3.824,69.405,18.148,4.358,79.092,18.148,8.221,53.239,6.476,7.238,46.87,6.476,5.743,37.19,6.476,2.984,19.321,6.476,8.221,53.239,6.476,8.652,56.03,6.476,8.783,56.88,6.476,8.698,56.33,6.476
ENG_fb,ENG,Q1,4.852,83.085,17.122,3.089,52.895,17.122,3.496,59.853,17.122,4.273,73.168,17.122,4.852,83.085,17.122,3.614,61.884,17.122,3.824,65.483,17.122,4.358,74.623,17.122,8.221,46.421,5.647,7.238,40.868,5.647,5.743,32.427,5.647,2.984,16.847,5.647,8.221,46.421,5.647,8.652,48.855,5.647,8.783,49.596,5.647,8.698,49.117,5.647
ENG_fc,ENG,P0,4.852,94.354,19.444,3.089,60.07,19.444,3.496,67.972,19.444,4.273,83.092,19.444,4.852,94.354,19.444,3.614,70.278,19.444,3.824,74.365,19.444,4.358,84.745,19.444,8.221,51.382,6.25,7.238,45.235,6.25,5.743,35.892,6.25,2.984,18.647,6.25,8.221,51.382,6.25,8.652,54.076,6.25,8.783,54.896,6.25,8.698,54.365,6.25
ENG_fc,ENG,P8,4.852,98.184,20.234,3.089,62.509,20.234,3.496,70.731,20.234,4.273,86.466,20.234,4.852,98.184,20.234,3.614,73.131,20.234,3.824,77.384,20.234,4.358,88.185,20.234,8.221,55.448,6.745,7.238,48.815,6.745,5.743,38.733,6.745,2.984,20.123,6.745,8.221,55.448,6.745,8.652,58.355,6.745,8.783,59.24,6.745,8.698,58.667,6.745
ENG_fc,ENG,P9,4.852,94.815,19.539,3.089,60.363,19.539,3.496,68.304,19.539,4.273,83.498,19.539,4.852,94.815,19.539,3.614,70.621,19.539,3.824,74.728,19.539,4.358,85.158,19.539,8.221,57.413,6.984,7.238,50.545,6.984,5.743,40.106,6.984,2.984,20.836,6.984,8.221,57.413,6.984,8.652,60.424,6.984,8.783,61.34,6.984,8.698,60.747,6.984
ENG_fc,ENG,Q0,4.852,91.794,18.917,3.089,58.44,18.917,3.496,66.127,18.917,4.273,80.838,18.917,4.852,91.794,18.917,3.614,68.37,18.917,3.824,72.347,18.917,4.358,82.445,18.917,8.221,55.495,6.75,7.238,48.857,6.75,5.743,38.766,6.75,2.984,20.14,6.75,8.221,55.495,6.75,8.652,58.405,6.75,8.783,59.291,6.75,8.698,58.718,6.75
ENG_fc,ENG,Q1,4.852,92.428,19.048,3.089,58.844,19.048,3.496,66.585,19.048,4.273,81.397,19.048,4.852,92.428,19.048,3.614,68.843,19.048,3.824,72.847,19.048,4.358,83.015,19.048,8.221,51.642,6.282,7.238,45.464,6.282,5.743,36.074,6.282,2.984,18.742,6.282,8.221,51.642,6.282,8.652,54.35,6.282,8.783,55.174,6.282,8.698,54.641,6.282
ENG_fd,ENG,O1,4.852,96.009,19.786,3.089,61.124,19.786,3.496,69.164,19.786,4.273,84.55,19.786,4.852,96.009,19.786,3.614,71.51,19.786,3.824,75.669,19.786,4.358,86.231,19.786,8.221,56.089,6.823,7.238,49.38,6.823,5.743,39.181,6.823,2.984,20.356,6.823,8.221,56.089,6.823,8.652,59.03,6.823,8.783,59.925,6.823,8.698,59.346,6.823
ENG_fd,ENG,O2,4.852,100.96,20.806,3.089,64.276,20.806,3.496,72.731,20.806,4.273,88.91,20.806,4.852,100.96,20.806,3.614,75.198,20.806,3.824,79.572,20.806,4.358,90.678,20.806,8.221,56.79,6.908,7.238,49.997,6.908,5.743,39.671,6.908,2.984,20.61,6.908,8.221,56.79,6.908,8.652,59.768,6.908,8.783,60.674,6.908,8.698,60.088,6.908
ENG_fd,ENG,O3,4.852,106.626,21.973,3.089,67.883,21.973,3.496,76.813,21.973,4.273,93.9,21.973,4.852,106.626,21.973,3.614,79.418,21.973,3.824,84.037,21.973,4.358,95.767,21.973,8.221,62.715,7.629,7.238,55.212,7.629,5.743,43.809,7.629,2.984,22.76,7.629,8.221,62.715,7.629,8.652,66.003,7.629,8.783,67.004,7.629,8.698,66.356,7.629
ENG_fd,ENG,O4,4.852,90.295,18.608,3.089,57.486,18.608,3.496,65.048,18.608,4.273,79.518,18.608,4.852,90.295,18.608,3.614,67.255,18.608,3.824,71.166,18.608,4.358,81.099,18.608,8.221,53.0,6.447,7.238,46.66,6.447,5.743,37.023,6.447,2.984,19.235,6.447,8.221,53.0,6.447,8.652,55.779,6.447,8.783,56.625,6.447,8.698,56.078,6.447
ENG_fd,ENG,O6,4.852,92.822,19.129,3.089,59.095,19.129,3.496,66.868,19.129,4.273,81.743,19.129,4.852,92.822,19.129,3.614,69.137,19.129,3.824,73.157,19.129,4.358,83.369,19.129,8.221,51.382,6.25,7.238,45.235,6.25,5.743,35.892,6.25,2.984,18.647,6.25,8.221,51.382,6.25,8.652,54.076,6.25,8.783,54.896,6.25,8.698,54.365,6.25
ENG_fd,ENG,O8,4.852,100.841,20.781,3.089,64.2,20.781,3.496,72.645,20.781,4.273,88.806,20.781,4.852,100.841,20.781,3.614,75.11,20.781,3.824,79.478,20.781,4.358,90.571,20.781,8.221,56.037,6.816,7.238,49.334,6.816,5.743,39.145,6.816,2.984,20.337,6.816,8.221,56.037,6.816,8.652,58.976,6.816,8.783,59.87,6.816,8.698,59.291,6.816
ENG_fd,ENG,O9,4.852,93.952,19.362,3.089,59.815,19.362,3.496,67.683,19.362,4.273,82.739,19.362,4.852,93.952,19.362,3.614,69.978,19.362,3.824,74.048,19.362,4.358,84.384,19.362,8.221,53.349,6.489,7.238,46.968,6.489,5.743,37.267,6.489,2.984,19.361,6.489,8.221,53.349,6.489,8.652,56.147,6.489,8.783,56.998,6.489,8.698,56.447,6.489
ENG_fe,ENG,O1,4.852,88.425,18.223,3.089,56.296,18.223,3.496,63.701,18.223,4.273,77.871,18.223,4.852,88.425,18.223,3.614,65.862,18.223,3.824,69.692,18.223,4.358,79.419,18.223,8.221,51.658,6.284,7.238,45.479,6.284,5.743,36.086,6.284,2.984,18.748,6.284,8.221,51.658,6.284,8.652,54.367,6.284,8.783,55.192,6.284,8.698,54.658,6.284
ENG_fe,ENG,O2,4.852,85.912,17.705,3.089,54.695,17.705,3.496,61.89,17.705,4.273,75.658,17.705,4.852,85.912,17.705,3.614,63.99,17.705,3.824,67.711,17.705,4.358,77.162,17.705,8.221,48.325,5.878,7.238,42.545,5.878,5.743,33.757,5.878,2.984,17.538,5.878,8.221,48.325,5.878,8.652,50.859,5.878,8.783,51.631,5.878,8.698,51.131,5.878
ENG_fe,ENG,O3,4.852,94.622,19.5,3.089,60.241,19.5,3.496,68.165,19.5,4.273,83.328,19.5,4.852,94.622,19.5,3.614,70.477,19.5,3.824,74.576,19.5,4.358,84.985,19.5,8.221,55.654,6.77,7.238,48.996,6.77,5.743,38.877,6.77,2.984,20.198,6.77,8.221,55.654,6.77,8.652,58.572,6.77,8.783,59.46,6.77,8.698,58.886,6.77
ENG_fe,ENG,O4,4.852,84.827,17.481,3.089,54.005,17.481,3.496,61.109,17.481,4.273,74.702,17.481,4.852,84.827,17.481,3.614,63.181,17.481,3.824,66.856,17.481,4.358,76.188,17.481,8.221,49.79,6.056,7.238,43.834,6.056,5.743,34.781,6.056,2.984,18.07,6.056,8.221,49.79,6.056,8.652,52.401,6.056,8.783,53.196,6.056,8.698,52.681,6.056
ENG_ff,ENG,O6,4.852,84.646,17.444,3.089,53.89,17.444,3.496,60.979,17.444,4.273,74.543,17.444,4.852,84.646,17.444,3.614,63.047,17.444,3.824,66.714,17.444,4.358,76.025,17.444,8.221,46.856,5.699,7.238,41.251,5.699,5.743,32.731,5.699,2.984,17.005,5.699,8.221,46.856,5.699,8.652,49.313,5.699,8.783,50.06,5.699,8.698,49.577,5.699
ENG_ff,ENG,O8,4.852,85.371,17.593,3.089,54.351,17.593,3.496,61.501,17.593,4.273,75.182,17.593,4.852,85.371,17.593,3.614,63.587,17.593,3.824,67.285,17.593,4.358,76.676,17.593,8.221,47.44,5.771,7.238,41.765,5.771,5.743,33.139,5.771,2.984,17.217,5.771,8.221,47.44,5.771,8.652,49.928,5.771,8.783,50.685,5.771,8.698,50.195,5.771
ENG_ff,ENG,O9,4.852,84.756,17.466,3.089,53.959,17.466,3.496,61.057,17.466,4.273,74.64,17.466,4.852,84.756,17.466,3.614,63.128,17.466,3.824,66.8,17.466,4.358,76.124,17.466,8.221,48.127,5.854,7.238,42.37,5.854,5.743,33.619,5.854,2.984,17.466,5.854,8.221,48.127,5.854,8.652,50.651,5.854,8.783,51.419,5.854,8.698,50.922,5.854
ENG_ff,ENG,P0,4.852,83.561,17.22,3.089,53.199,17.22,3.496,60.197,17.22,4.273,73.587,17.22,4.852,83.561,17.22,3.614,62.238,17.22,3.824,65.858,17.22,4.358,75.05,17.22,8.221,45.504,5.535,7.238,40.061,5.535,5.743,31.787,5.535,2.984,16.514,5.535,8.221,45.504,5.535,8.652,47.89,5.535,8.783,48.616,5.535,8.698,48.146,5.535
ENG_ff,ENG,P1,4.852,90.078,18.563,3.089,57.348,18.563,3.496,64.892,18.563,4.273,79.327,18.563,4.852,90.078,18.563,3.614,67.093,18.563,3.824,70.995,18.563,4.358,80.904,18.563,8.221,54.877,6.675,7.238,48.312,6.675,5.743,38.334,6.675,2.984,19.916,6.675,8.221,54.877,6.675,8.652,57.754,6.675,8.783,58.63,6.675,8.698,58.063,6.675
ENG_ff,ENG,P2,4.852,86.315,17.788,3.089,54.952,17.788,3.496,62.181,17.788,4.273,76.013,17.788,4.852,86.315,17.788,3.614,64.29,17.788,3.824,68.029,17.788,4.358,77.524,17.788,8.221,46.082,5.605,7.238,40.57,5.605,5.743,32.191,5.605,2.984,16.724,5.605,8.221,46.082,5.605,8.652,48.499,5.605,8.783,49.234,5.605,8.698,48.758,5.605
ENG_ff,ENG,P3,4.852,81.469,16.789,3.089,51.867,16.789,3.496,58.69,16.789,4.273,71.746,16.789,4.852,81.469,16.789,3.614,60.681,16.789,3.824,64.21,16.789,4.358,73.172,16.789,8.221,45.337,5.515,7.238,39.913,5.515,5.743,31.67,5.515,2.984,16.453,5.515,8.221,45.337,5.515,8.652,47.714,5.515,8.783,48.438,5.515,8.698,47.969,5.515
ENG_ff,ENG,P8,4.852,84.966,17.51,3.089,54.093,17.51,3.496,61.209,17.51,4.273,74.825,17.51,4.852,84.966,17.51,3.614,63.285,17.51,3.824,66.965,17.51,4.358,76.312,17.51,8.221,47.983,5.837,7.238,42.243,5.837,5.743,33.518,5.837,2.984,17.414,5.837,8.221,47.983,5.837,8.652,50.499,5.837,8.783,51.265,5.837,8.698,50.769,5.837
ENG_ff,ENG,P9,4.852,82.978,17.1,3.089,52.828,17.1,3.496,59.777,17.1,4.273,73.074,17.1,4.852,82.978,17.1,3.614,61.805,17.1,3.824,65.399,17.1,4.358,74.527,17.1,8.221,50.246,6.112,7.238,44.235,6.112,5.743,35.099,6.112,2.984,18.235,6.112,8.221,50.246,6.112,8.652,52.88,6.112,8.783,53.682,6.112,8.698,53.163,6.112
ENG_fg,ENG,P0,4.852,85.025,17.522,3.089,54.131,17.522,3.496,61.251,17.522,4.273,74.877,17.522,4.852,85.025,17.522,3.614,63.329,17.522,3.824,67.012,17.522,4.358,76.366,17.522,8.221,46.301,5.632,7.238,40.763,5.632,5.743,32.344,5.632,2.984,16.804,5.632,8.221,46.301,5.632,8.652,48.729,5.632,8.783,49.468,5.632,8.698,48.99,5.632
ENG_fg,ENG,P1,4.852,91.179,18.79,3.089,58.049,18.79,3.496,65.685,18.79,4.273,80.297,18.79,4.852,91.179,18.79,3.614,67.913,18.79,3.824,71.863,18.79,4.358,81.893,18.79,8.221,55.548,6.757,7.238,48.903,6.757,5.743,38.803,6.757,2.984,20.159,6.757,8.221,55.548,6.757,8.652,58.46,6.757,8.783,59.347,6.757,8.698,58.773,6.757
ENG_fg,ENG,P2,4.852,88.43,18.224,3.089,56.299,18.224,3.496,63.704,18.224,4.273,77.875,18.224,4.852,88.43,18.224,3.614,65.865,18.224,3.824,69.696,18.224,4.358,79.424,18.224,8.221,47.211,5.743,7.238,41.564,5.743,5.743,32.979,5.743,2.984,17.134,5.743,8.221,47.211,5.743,8.652,49.687,5.743,8.783,50.44,5.743,8.698,49.953,5.743
ENG_fg,ENG,P3,4.852,90.141,18.576,3.089,57.388,18.576,3.496,64.937,18.576,4.273,79.382,18.576,4.852,90.141,18.576,3.614,67.14,18.576,3.824,71.044,18.576,4.358,80.961,18.576,8.221,50.162,6.102,7.238,44.162,6.102,5.743,35.041,6.102,2.984,18.205,6.102,8.221,50.162,6.102,8.652,52.793,6.102,8.783,53.593,6.102,8.698,53.075,6.102
ENG_fg,ENG,P8,4.852,89.055,18.352,3.089,56.696,18.352,3.496,64.154,18.352,4.273,78.426,18.352,4.852,89.055,18.352,3.614,66.33,18.352,3.824,70.188,18.352,4.358,79.985,18.352,8.221,50.292,6.117,7.238,44.276,6.117,5.743,35.131,6.117,2.984,18.252,6.117,8.221,50.292,6.117,8.652,52.929,6.117,8.783,53.732,6.117,8.698,53.212,6.117
ENG_fg,ENG,P9,4.852,84.573,17.429,3.089,53.843,17.429,3.496,60.926,17.429,4.273,74.479,17.429,4.852,84.573,17.429,3.614,62.992,17.429,3.824,66.656,17.429,4.358,75.96,17.429,8.221,51.211,6.229,7.238,45.085,6.229,5.743,35.773,6.229,2.984,18.585,6.229,8.221,51.211,6.229,8.652,53.897,6.229,8.783,54.714,6.229,8.698,54.185,6.229
ENG_fg,ENG,Q1,4.852,87.972,18.129,3.089,56.007,18.129,3.496,63.374,18.129,4.273,77.472,18.129,4.852,87.972,18.129,3.614,65.524,18.129,3.824,69.335,18.129,4.358,79.012,18.129,8.221,49.152,5.979,7.238,43.272,5.979,5.743,34.335,5.979,2.984,17.838,5.979,8.221,49.152,5.979,8.652,51.729,5.979,8.783,52.514,5.979,8.698,52.006,5.979
ENG_fh,ENG,Q0,4.852,72.502,14.941,3.089,46.158,14.941,3.496,52.23,14.941,4.273,63.848,14.941,4.852,72.502,14.941,3.614,54.001,14.941,3.824,57.142,14.941,4.358,65.118,14.941,8.221,43.832,5.332,7.238,38.589,5.332,5.743,30.619,5.332,2.984,15.907,5.332,8.221,43.832,5.332,8.652,46.13,5.332,8.783,46.83,5.332,8.698,46.377,5.332
ENG_fi,ENG,O1,4.852,78.741,16.227,3.089,50.13,16.227,3.496,56.725,16.227,4.273,69.343,16.227,4.852,78.741,16.227,3.614,58.649,16.227,3.824,62.06,16.227,4.358,70.722,16.227,8.221,46.001,5.596,7.238,40.498,5.596,5.743,32.134,5.596,2.984,16.695,5.596,8.221,46.001,5.596,8.652,48.413,5.596,8.783,49.147,5.596,8.698,48.672,5.596
ENG_fi,ENG,O2,4.852,75.736,15.608,3.089,48.217,15.608,3.496,54.56,15.608,4.273,66.697,15.608,4.852,75.736,15.608,3.614,56.41,15.608,3.824,59.691,15.608,4.358,68.023,15.608,8.221,42.601,5.182,7.238,37.505,5.182,5.743,29.759,5.182,2.984,15.461,5.182,8.221,42.601,5.182,8.652,44.835,5.182,8.783,45.515,5.182,8.698,45.075,5.182
ENG_fi,ENG,O3,4.852,84.711,17.457,3.089,53.931,17.457,3.496,61.025,17.457,4.273,74.6,17.457,4.852,84.711,17.457,3.614,63.095,17.457,3.824,66.764,17.457,4.358,76.083,17.457,8.221,49.825,6.061,7.238,43.864,6.061,5.743,34.805,6.061,2.984,18.082,6.061,8.221,49.825,6.061,8.652,52.437,6.061,8.783,53.232,6.061,8.698,52.718,6.061
ENG_fi,ENG,O4,4.852,71.451,14.725,3.089,45.489,14.725,3.496,51.473,14.725,4.273,62.923,14.725,4.852,71.451,14.725,3.614,53.219,14.725,3.824,56.314,14.725,4.358,64.174,14.725,8.221,41.939,5.101,7.238,36.922,5.101,5.743,29.297,5.101,2.984,15.22,5.101,8.221,41.939,5.101,8.652,44.139,5.101,8.783,44.808,5.101,8.698,44.375,5.101
ENG_fi,ENG,O6,4.852,76.399,15.744,3.089,48.639,15.744,3.496,55.038,15.744,4.273,67.281,15.744,4.852,76.399,15.744,3.614,56.904,15.744,3.824,60.214,15.744,4.358,68.618,15.744,8.221,42.291,5.144,7.238,37.232,5.144,5.743,29.542,5.144,2.984,15.348,5.144,8.221,42.291,5.144,8.652,44.508,5.144,8.783,45.183,5.144,8.698,44.746,5.144
ENG_fi,ENG,O8,4.852,78.723,16.223,3.089,50.119,16.223,3.496,56.712,16.223,4.273,69.327,16.223,4.852,78.723,16.223,3.614,58.635,16.223,3.824,62.045,16.223,4.358,70.706,16.223,8.221,43.746,5.321,7.238,38.513,5.321,5.743,30.559,5.321,2.984,15.876,5.321,8.221,43.746,5.321,8.652,46.04,5.321,8.783,46.738,5.321,8.698,46.286,5.321
ENG_fi,ENG,O9,4.852,78.294,16.135,3.089,49.845,16.135,3.496,56.402,16.135,4.273,68.949,16.135,4.852,78.294,16.135,3.614,58.315,16.135,3.824,61.707,16.135,4.358,70.32,16.135,8.221,44.458,5.408,7.238,39.14,5.408,5.743,31.056,5.408,2.984,16.134,5.408,8.221,44.458,5.408,8.652,46.789,5.408,8.783,47.499,5.408,8.698,47.039,5.408
ENG_fi,ENG,P1,4.852,80.507,16.591,3.089,51.255,16.591,3.496,57.997,16.591,4.273,70.898,16.591,4.852,80.507,16.591,3.614,59.964,16.591,3.824,63.451,16.591,4.358,72.308,16.591,8.221,49.046,5.966,7.238,43.179,5.966,5.743,34.261,5.966,2.984,17.8,5.966,8.221,49.046,5.966,8.652,51.618,5.966,8.783,52.401,5.966,8.698,51.894,5.966
ENG_fi,ENG,P2,4.852,72.452,14.931,3.089,46.127,14.931,3.496,52.194,14.931,4.273,63.805,14.931,4.852,72.452,14.931,3.614,53.965,14.931,3.824,57.103,14.931,4.358,65.074,14.931,8.221,38.681,4.705,7.238,34.054,4.705,5.743,27.021,4.705,2.984,14.038,4.705,8.221,38.681,4.705,8.652,40.71,4.705,8.783,41.327,4.705,8.698,40.927,4.705
ENG_fi,ENG,P3,4.852,75.889,15.639,3.089,48.315,15.639,3.496,54.67,15.639,4.273,66.832,15.639,4.852,75.889,15.639,3.614,56.525,15.639,3.824,59.812,15.639,4.358,68.16,15.639,8.221,42.231,5.137,7.238,37.18,5.137,5.743,29.501,5.137,2.984,15.327,5.137,8.221,42.231,5.137,8.652,44.446,5.137,8.783,45.12,5.137,8.698,44.684,5.137
ENG_fj,ENG,P0,4.852,73.324,15.111,3.089,46.682,15.111,3.496,52.822,15.111,4.273,64.573,15.111,4.852,73.324,15.111,3.614,54.614,15.111,3.824,57.79,15.111,4.358,65.857,15.111,8.221,39.93,4.857,7.238,35.153,4.857,5.743,27.893,4.857,2.984,14.491,4.857,8.221,39.93,4.857,8.652,42.023,4.857,8.783,42.661,4.857,8.698,42.248,4.857
ENG_fj,ENG,P8,4.852,78.774,16.234,3.089,50.151,16.234,3.496,56.748,16.234,4.273,69.372,16.234,4.852,78.774,16.234,3.614,58.673,16.234,3.824,62.086,16.234,4.358,70.751,16.234,8.221,44.486,5.411,7.238,39.165,5.411,5.743,31.076,5.411,2.984,16.145,5.411,8.221,44.486,5.411,8.652,46.819,5.411,8.783,47.529,5.411,8.698,47.069,5.411
ENG_fj,ENG,P9,4.852,74.807,15.416,3.089,47.626,15.416,3.496,53.89,15.416,4.273,65.878,15.416,4.852,74.807,15.416,3.614,55.718,15.416,3.824,58.959,15.416,4.358,67.188,15.416,8.221,45.298,5.51,7.238,39.879,5.51,5.743,31.643,5.51,2.984,16.439,5.51,8.221,45.298,5.51,8.652,47.673,5.51,8.783,48.396,5.51,8.698,47.928,5.51
ENG_fj,ENG,Q0,4.852,82.764,17.056,3.089,52.691,17.056,3.496,59.622,17.056,4.273,72.885,17.056,4.852,82.764,17.056,3.614,61.645,17.056,3.824,65.23,17.056,4.358,74.335,17.056,8.221,50.036,6.086,7.238,44.051,6.086,5.743,34.953,6.086,2.984,18.159,6.086,8.221,50.036,6.086,8.652,52.66,6.086,8.783,53.458,6.086,8.698,52.942,6.086
ENG_fj,ENG,Q1,4.852,75.084,15.473,3.089,47.802,15.473,3.496,54.09,15.473,4.273,66.122,15.473,4.852,75.084,15.473,3.614,55.925,15.473,3.824,59.177,15.473,4.358,67.437,15.473,8.221,41.951,5.103,7.238,36.933,5.103,5.743,29.305,5.103,2.984,15.225,5.103,8.221,41.951,5.103,8.652,44.151,5.103,8.783,44.82,5.103,8.698,44.387,5.103
