language	passage_name	text	ipa	n_phones	n_syllables
ENG	O1	I have a problem with my water softener. The water-level is too high and the overflow keeps dripping. Could you arrange to send an engineer on Tuesday morning please? It's the only day I can manage this week. I'd be grateful if you could confirm the arrangement in writing.	['aɪ', 'hav', 'eɪ', 'pɹɒbləm', 'wɪð', 'maɪ', 'wɔːtə', 'sɒfənə', 'ðə', 'wɔːtə', 'lɛvəl', 'ɪz', 'tuː', 'haɪ', 'and', 'ðə', 'əʊvəfləʊ', 'kiːps', 'dɹɪpɪŋ', 'kʊd', 'juː', 'ɐɹeɪndʒ', 'tuː', 'sɛnd', 'an', 'ɛndʒɪniə', 'ɒn', 'tjuːzdeɪ', 'mɔːnɪŋ', 'pliːz', 'ðə', 'əʊnli', 'deɪ', 'aɪ', 'kan', 'manɪdʒ', 'ðɪs', 'wiːk', 'biː', 'ɡɹeɪtfəl', 'ɪf', 'juː', 'kʊd', 'kənfɜːm', 'ðə', 'ɐɹeɪndʒmənt', 'ɪn', 'ɹaɪtɪŋ']	184	69
ENG	O2	Please put me through to the complaints department. The repair to the water main outside my house was unsuccessful, and my cellar's flooded. Your Water Services Department was singularly unsympathetic. All their repair teams are apparently booked out for the next two weeks. Am I supposed to use the cellar as a swimming pool till then?	['pliːz', 'pʊt', 'miː', 'θɹuː', 'tuː', 'ðə', 'kəmpleɪnts', 'dɪpɑːtmənt', 'ðə', 'ɹɪpeə', 'tuː', 'ðə', 'wɔːtə', 'meɪn', 'aʊtsaɪd', 'maɪ', 'haʊs', 'wɒz', 'ʌnsəksɛsfəl', 'and', 'maɪ', 'flʌdɪd', 'jɔː', 'wɔːtə', 'sɜːvɪsɪz', 'dɪpɑːtmənt', 'wɒz', 'sɪŋɡjʊləli', 'ʌnsɪmpəθɛtɪk', 'ɔːl', 'ðeə', 'ɹɪpeə', 'tiːmz', 'ɑː', 'ɐpaɹəntli', 'bʊkt', 'aʊt', 'fɔː', 'ðə', 'nɛkst', 'tuː', 'wiːks', 'am', 'aɪ', 'səpəʊzd', 'tuː', 'juːs', 'ðə', 'sɛlə', 'az', 'eɪ', 'swɪmɪŋ', 'puːl', 'tɪl', 'ðɛn']	228	84
ENG	O3	Municipal Fire Service speaking. We're trying to locate an emergency caller who rang off without giving any personal details. He appeared to be on the local network. He connected on our line number 762 584. We'd appreciate immediate attempts to trace him because he sounded desperate.	['mjuːnɪsɪpəl', 'faɪə', 'sɜːvɪs', 'spiːkɪŋ', 'tɹaɪɪŋ', 'tuː', 'ləʊkeɪt', 'an', 'ɪmɜːdʒənsi', 'kɔːlə', 'huː', 'ɹaŋ', 'ɒf', 'wɪðaʊt', 'ɡɪvɪŋ', 'ɛni', 'pɜːsənəl', 'diːteɪlz', 'hiː', 'ɐpiəd', 'tuː', 'biː', 'ɒn', 'ðə', 'ləʊkəl', 'nɛtwɜːk', 'hiː', 'kənɛktɪd', 'ɒn', 'aʊə', 'laɪn', 'nʌmbə', 'sɛvənhʌndɹɪdandsɪkstituː', 'faɪvhʌndɹɪdandeɪtifɔː', 'ɐpɹiːʃɪeɪt', 'ɪmiːdɪət', 'ɐtɛmpts', 'tuː', 'tɹeɪs', 'hɪm', 'bɪkɒz', 'hiː', 'saʊndɪd', 'dɛspəɹət']	238	90
ENG	O4	Please take a request for an early-morning taxi. Mr Spencer of Chestnut Drive wishes to be at Heathrow terminal 4 by 6.15 a.m. His flight's not leaving till 7.50 but he has to arrange for excess baggage. Mark it as top priority and ensure punctuality. He expects the car at 5.30 sharp.	['pliːz', 'teɪk', 'eɪ', 'ɹɪkwɛst', 'fɔː', 'an', 'ɜːlɪ', 'mɔːnɪŋ', 'taksi', 'mɪstə', 'spɛnsə', 'ɒv', 'tʃɛstnʌt', 'dɹaɪv', 'wɪʃɪz', 'tuː', 'biː', 'at', 'hiːθɹəʊ', 'tɜːmɪnəl', 'fɔː', 'baɪ', 'sɪks', 'fɪftiːn', 'eɪ', 'ɛm', 'hɪz', 'nɒt', 'liːvɪŋ', 'tɪl', 'sɛvən', 'fɪfti', 'bʌt', 'hiː', 'haz', 'tuː', 'ɐɹeɪndʒ', 'fɔː', 'ɛksɛs', 'baɡɪdʒ', 'mɑːk', 'ɪt', 'az', 'tɒp', 'pɹaɪɒɹɪti', 'and', 'ɛnʃʊə', 'pʌŋktʃuːalɪti', 'hiː', 'ɛkspɛkts', 'ðə', 'kɑː', 'at', 'faɪv', 'θɜːti', 'ʃɑːp']	219	84
ENG	O6	I'm trying to contact Mr and Mrs W. George of Swindon. They've moved from 63 Spruce Close to another part of Swindon. Can you give me their new number please? They moved approximately 3 months ago. As far as I know they're not ex-directory.	['tɹaɪɪŋ', 'tuː', 'kɒntakt', 'mɪstə', 'and', 'mɪsɪz', 'dʌbəljuː', 'dʒɔːdʒ', 'ɒv', 'swɪndən', 'muːvd', 'fɹɒm', 'sɪkstiθɹiː', 'spɹuːs', 'kləʊs', 'tuː', 'ɐnʌðə', 'pɑːt', 'ɒv', 'swɪndən', 'kan', 'juː', 'ɡɪv', 'miː', 'ðeə', 'njuː', 'nʌmbə', 'pliːz', 'ðeɪ', 'muːvd', 'ɐpɹɒksɪmətli', 'θɹiː', 'mʌnθs', 'ɐɡəʊ', 'az', 'fɑː', 'az', 'aɪ', 'nəʊ', 'nɒt', 'ɛks', 'daɪɹɛktəɹi']	176	63
ENG	O8	Please connect me to the service department. My television has been out of action for almost three weeks now, and I need to know when it will be repaired. You collected it on the 13th and promised to return within a week. I realise you're having supply problems, but this is rather excessive. Can you give me a firm date now?	['pliːz', 'kənɛkt', 'miː', 'tuː', 'ðə', 'sɜːvɪs', 'dɪpɑːtmənt', 'maɪ', 'tɛlɪvɪʒən', 'haz', 'biːn', 'aʊt', 'ɒv', 'akʃən', 'fɔː', 'ɔːlməʊst', 'θɹiː', 'wiːks', 'naʊ', 'and', 'aɪ', 'niːd', 'tuː', 'nəʊ', 'wɛn', 'ɪt', 'wɪl', 'biː', 'ɹɪpeəd', 'juː', 'kəlɛktɪd', 'ɪt', 'ɒn', 'ðə', 'θɜːtiːnθ', 'and', 'pɹɒmɪst', 'tuː', 'ɹɪtɜːn', 'wɪðɪn', 'eɪ', 'wiːk', 'aɪ', 'ɹiəlaɪz', 'havɪŋ', 'səplaɪ', 'pɹɒbləmz', 'bʌt', 'ðɪs', 'ɪz', 'ɹɑːðə', 'ɛksɛsɪv', 'kan', 'juː', 'ɡɪv', 'miː', 'eɪ', 'fɜːm', 'deɪt', 'naʊ']	224	83
ENG	O9	Can you give me a list of the restaurants in the neighbourhood? I live in Clancy Street, NW1. I'm interested in something a little more exotic than usual. Perhaps a Polynesian place, for example. I'd prefer it not to be vegetarian.	['kan', 'juː', 'ɡɪv', 'miː', 'eɪ', 'lɪst', 'ɒv', 'ðə', 'ɹɛstɹɒnts', 'ɪn', 'ðə', 'neɪbəhʊd', 'aɪ', 'laɪv', 'ɪn', 'klansi', 'stɹiːt', 'ɛnwʌn', 'ɪntɹɛstɪd', 'ɪn', 'sʌmθɪŋ', 'eɪ', 'lɪtəl', 'mɔː', 'ɛɡzɒtɪk', 'ðɐn', 'juːʒuːəl', 'pəhaps', 'eɪ', 'pɒlɪniːziən', 'pleɪs', 'fɔː', 'ɛɡzampəl', 'pɹɪfɜː', 'ɪt', 'nɒt', 'tuː', 'biː', 'vɛdʒɪteəɹiən']	165	61
ENG	P0	My wife has a complicated flight schedule next month. Would you please advise me on the most economical arrangements? She has a series of meetings, 9am to 5pm, in Paris, Bruges, Frankfurt, Rome, and Hamburg on consecutive days. Can you suggest convenient evening flights and suitable accomodation? She doesn't like large, anonymous hotels.	['maɪ', 'waɪf', 'haz', 'eɪ', 'kɒmplɪkeɪtɪd', 'flaɪt', 'ʃɛdjuːl', 'nɛkst', 'mʌnθ', 'wʊd', 'juː', 'pliːz', 'ɐdvaɪz', 'miː', 'ɒn', 'ðə', 'məʊst', 'iːkənɒmɪkəl', 'ɐɹeɪndʒmənts', 'ʃiː', 'haz', 'eɪ', 'siəɹiz', 'ɒv', 'miːtɪŋz', 'nɪniːm', 'tuː', 'faɪvəpəm', 'ɪn', 'paɹɪs', 'bɹuːdʒɪz', 'fɹaŋkfɜːt', 'ɹəʊm', 'and', 'hambɜːɡ', 'ɒn', 'kənsɛkjuːtɪv', 'deɪz', 'kan', 'juː', 'sədʒɛst', 'kənviːnɪənt', 'iːvnɪŋ', 'flaɪts', 'and', 'suːtəbəl', 'ɐkɒmədeɪʃən', 'ʃiː', 'laɪk', 'lɑːdʒ', 'ɐnɒnəməs', 'həʊtɛlz']	255	89
ENG	P1	We are enquiring into possible catering arrangements for a large meeting. We would need to have the food delivered to the premises in a manner that would allow immediate consumption. There are no facilities for setting out the food in a separate room. We were thinking of a selection of sandwiches, meats, cheeses, and fruit. Do you have special corporate rates for academic institutions?	['wiː', 'ɑː', 'ɛŋkwaɪəɹɪŋ', 'ɪntʊ', 'pɒsɪbəl', 'keɪtəɹɪŋ', 'ɐɹeɪndʒmənts', 'fɔː', 'eɪ', 'lɑːdʒ', 'miːtɪŋ', 'wiː', 'wʊd', 'niːd', 'tuː', 'hav', 'ðə', 'fuːd', 'dɪlɪvəd', 'tuː', 'ðə', 'pɹɛmɪsɪz', 'ɪn', 'eɪ', 'manə', 'ðat', 'wʊd', 'ɐlaʊ', 'ɪmiːdɪət', 'kənsʌmpʃən', 'ðeə', 'ɑː', 'nəʊ', 'fəsɪlɪtiz', 'fɔː', 'sɛtɪŋ', 'aʊt', 'ðə', 'fuːd', 'ɪn', 'eɪ', 'sɛpɹət', 'ɹuːm', 'wiː', 'wɜː', 'θɪŋkɪŋ', 'ɒv', 'eɪ', 'sɪlɛkʃən', 'ɒv', 'sandwɪtʃɪz', 'miːts', 'tʃiːzɪz', 'and', 'fɹuːt', 'duː', 'juː', 'hav', 'spɛʃəl', 'kɔːpəɹət', 'ɹeɪts', 'fɔː', 'akədɛmɪk', 'ɪnstɪtjuːʃənz']	267	105
ENG	P2	Send an ambulance to sixteen Chadwick Close as soon as possible. An old man has slipped on the ice and broken his leg, and can't be moved. Access to the Close is via Church Street only. The Park Avenue approach has been closed for road repairs. Chester Grange Hospital has been informed, and awaits arrival.	['sɛnd', 'an', 'ambjʊləns', 'tuː', 'sɪkstiːn', 'tʃadwɪk', 'kləʊs', 'az', 'suːn', 'az', 'pɒsɪbəl', 'an', 'əʊld', 'man', 'haz', 'slɪpt', 'ɒn', 'ðə', 'aɪs', 'and', 'bɹəʊkən', 'hɪz', 'lɛɡ', 'and', 'biː', 'muːvd', 'aksɛs', 'tuː', 'ðə', 'kləʊs', 'ɪz', 'vaɪə', 'tʃɜːtʃ', 'stɹiːt', 'əʊnli', 'ðə', 'pɑːk', 'avənjuː', 'ɐpɹəʊtʃ', 'haz', 'biːn', 'kləʊzd', 'fɔː', 'ɹəʊd', 'ɹɪpeəz', 'tʃɛstə', 'ɡɹeɪndʒ', 'hɒspɪtəl', 'haz', 'biːn', 'ɪnfɔːmd', 'and', 'ɐweɪts', 'ɐɹaɪvəl']	219	74
ENG	P3	Christmas order department please. I wish to place an order for ten boxes of Christmas crackers, five boxes of mixed biscuits, and three large Christmas cakes. The address for delivery is Dr Barnado's Home, 16 Treasure Island Road. Can you guarantee delivery by 23rd December? I should be grateful if you would not disclose who placed the order.	['kɹɪsməs', 'ɔːdə', 'dɪpɑːtmənt', 'pliːz', 'aɪ', 'wɪʃ', 'tuː', 'pleɪs', 'an', 'ɔːdə', 'fɔː', 'tɛn', 'bɒksɪz', 'ɒv', 'kɹɪsməs', 'kɹakəz', 'faɪv', 'bɒksɪz', 'ɒv', 'mɪkst', 'bɪskɪts', 'and', 'θɹiː', 'lɑːdʒ', 'kɹɪsməs', 'keɪks', 'ðə', 'ɐdɹɛs', 'fɔː', 'dɪlɪvəɹi', 'ɪz', 'dɒktə', 'həʊm', 'sɪkstiːn', 'tɹɛʒə', 'aɪlənd', 'ɹəʊd', 'kan', 'juː', 'ɡaɹəntiː', 'dɪlɪvəɹi', 'baɪ', 'twɛntiθɹiəd', 'dɪsɛmbə', 'aɪ', 'ʃʊd', 'biː', 'ɡɹeɪtfəl', 'ɪf', 'juː', 'wʊd', 'nɒt', 'dɪskləʊz', 'huː', 'pleɪst', 'ðə', 'ɔːdə']	248	88
ENG	P8	Last night I opened the front door to let the cat out. It was such a beautiful evening that I wandered down the garden for a breath of fresh air. Then I heard a click as the door closed behind me. I realised I'd locked myself out. To cap it all, I was arrested while I was trying to force the door open!	['last', 'naɪt', 'aɪ', 'əʊpənd', 'ðə', 'fɹʌnt', 'dɔː', 'tuː', 'lɛt', 'ðə', 'kat', 'aʊt', 'ɪt', 'wɒz', 'sʌtʃ', 'eɪ', 'bjuːtifəl', 'iːvnɪŋ', 'ðat', 'aɪ', 'wɒndəd', 'daʊn', 'ðə', 'ɡɑːdən', 'fɔː', 'eɪ', 'bɹɛθ', 'ɒv', 'fɹɛʃ', 'eə', 'ðɛn', 'aɪ', 'hɜːd', 'eɪ', 'klɪk', 'az', 'ðə', 'dɔː', 'kləʊzd', 'bɪhaɪnd', 'miː', 'aɪ', 'ɹiəlaɪzd', 'lɒkt', 'maɪsɛlf', 'aʊt', 'tuː', 'kap', 'ɪt', 'ɔːl', 'aɪ', 'wɒz', 'ɐɹɛstɪd', 'waɪl', 'aɪ', 'wɒz', 'tɹaɪɪŋ', 'tuː', 'fɔːs', 'ðə', 'dɔː', 'əʊpən']	208	75
ENG	P9	I've always found it difficult to sleep on long train journeys in Britain. For one thing, I can never make myself comfortable in the seat. Then the other passengers usually talk so loudly, or worse still they snore. In addition, there's the constant clickety-click of the wheels on the track. If I do manage to doze off the ticket inspector comes along and wakes me.	['ɔːlweɪz', 'faʊnd', 'ɪt', 'dɪfɪkəlt', 'tuː', 'sliːp', 'ɒn', 'lɒŋ', 'tɹeɪn', 'dʒɜːniz', 'ɪn', 'bɹɪtən', 'fɔː', 'wɒn', 'θɪŋ', 'aɪ', 'kan', 'nɛvə', 'meɪk', 'maɪsɛlf', 'kʌmftəbəl', 'ɪn', 'ðə', 'siːt', 'ðɛn', 'ðə', 'ʌðə', 'pasɪndʒəz', 'juːʒuːəli', 'tɔːk', 'səʊ', 'laʊdli', 'ɔː', 'wɜːs', 'stɪl', 'ðeɪ', 'snɔː', 'ɪn', 'ɐdɪʃən', 'ðə', 'kɒnstənt', 'klɪkɪti', 'klɪk', 'ɒv', 'ðə', 'wiːlz', 'ɒn', 'ðə', 'tɹak', 'ɪf', 'aɪ', 'duː', 'manɪdʒ', 'tuː', 'dəʊz', 'ɒf', 'ðə', 'tɪkɪt', 'ɪnspɛktə', 'kʌmz', 'ɐlɒŋ', 'and', 'weɪks', 'miː']	240	91
ENG	Q0	Sorry I didn't come to dinner at the weekend. I was really looking forward to seeing you again. Unfortunately I had a small accident just as I was getting ready to leave. It was when I went down to fetch a bottle of wine from the cellar. I didn't bother to switch the light on, tripped on a loose step in the dark, and broke my ankle.	['sɒɹi', 'aɪ', 'kʌm', 'tuː', 'dɪnə', 'at', 'ðə', 'wiːkɛnd', 'aɪ', 'wɒz', 'ɹiəlɪ', 'lʊkɪŋ', 'fɔːwəd', 'tuː', 'siːɪŋ', 'juː', 'ɐɡɛn', 'ʌnfɔːtʃənətli', 'aɪ', 'had', 'eɪ', 'smɔːl', 'aksɪdənt', 'dʒʌst', 'az', 'aɪ', 'wɒz', 'ɡɛtɪŋ', 'ɹɛdi', 'tuː', 'liːv', 'ɪt', 'wɒz', 'wɛn', 'aɪ', 'wɛnt', 'daʊn', 'tuː', 'fɛtʃ', 'eɪ', 'bɒtəl', 'ɒv', 'waɪn', 'fɹɒm', 'ðə', 'sɛlə', 'aɪ', 'bɒðə', 'tuː', 'swɪtʃ', 'ðə', 'laɪt', 'ɒn', 'tɹɪpt', 'ɒn', 'eɪ', 'luːs', 'stɛp', 'ɪn', 'ðə', 'dɑːk', 'and', 'bɹəʊk', 'maɪ', 'aŋkəl']	217	85
ENG	Q1	There's a short cut over that hill to my house. Some local people say the hill is haunted. No-one likes to pass through those fields after dark. Of course, I don't believe in any of that superstitious nonsense. I just like the picturesque route through the estate.	['eɪ', 'ʃɔːt', 'kʌt', 'əʊvə', 'ðat', 'hɪl', 'tuː', 'maɪ', 'haʊs', 'sʌm', 'ləʊkəl', 'piːpəl', 'seɪ', 'ðə', 'hɪl', 'ɪz', 'hɔːntɪd', 'nəʊ', 'wɒn', 'laɪks', 'tuː', 'pas', 'θɹuː', 'ðəʊz', 'fiːldz', 'aftə', 'dɑːk', 'ɒv', 'kɔːs', 'aɪ', 'bɪliːv', 'ɪn', 'ɛni', 'ɒv', 'ðat', 'suːpəstɪʃəs', 'nɒnsəns', 'aɪ', 'dʒʌst', 'laɪk', 'ðə', 'pɪktʃəɹɛsk', 'ɹuːt', 'θɹuː', 'ðə', 'ɪsteɪt']	166	60
FRA	O1	J’ai un problème avec mon adoucisseur d’eau. Le niveau d’eau est trop élevé et le trop-plein n’arrête pas de goutter. Est-ce que vous pourriez vous arranger pour envoyer un technicien mardi matin s’il vous plaît ? C’est le seul jour possible pour moi cette semaine. Je vous serai reconnaissant de me confirmer ce rendez-vous par écrit.	['ʒi', 'e', 'œ̃', 'pʁɔblɛm', 'avɛk', 'mɔ̃', 'adusisœʁ', 'de', 'o', 'lə', 'nivo', 'de', 'o', 'ɛ', 'tʁo', 'elve', 'e', 'lə', 'tʁo', 'plɛ̃', 'ɛn', 'aʁɛt', 'pa', 'də', 'ɡute', 'ɛ', 'sə', 'kə', 'vu', 'puʁje', 'vu', 'aʁɑ̃ʒe', 'puʁ', 'ɑ̃vwaje', 'œ̃', 'tɛknisjɛ̃', 'maʁdi', 'matɛ̃', 'ɛs', 'il', 'vu', 'plɛ', 'se', 'ɛ', 'lə', 'sœl', 'ʒuʁ', 'pɔsibl', 'puʁ', 'mwa', 'sɛt', 'səmɛn', 'ʒə', 'vu', 'səʁe', 'ʁəkɔnɛsɑ̃', 'də', 'mə', 'kɔ̃fiʁme', 'sə', 'ʁɑ̃de', 'vu', 'paʁ', 'ekʁi']	196	92
FRA	O2	Pouvez-vous me passer le service des réclamations s’il vous plaît ? L’arrivée d’eau à l’extérieur de chez moi n’a pas été réparée correctement et ma cave est inondée. Votre service des eaux a été particulièrement désagréable. Toutes leurs équipes de réparation sont apparemment occupées pendant les deux prochaines semaines. Je suis censé utiliser ma cave comme piscine en attendant ?	['puve', 'vu', 'mə', 'pase', 'lə', 'sɛʁvis', 'de', 'ʁeklamasjɔ̃', 'ɛs', 'il', 'vu', 'plɛ', 'ɛl', 'aʁive', 'de', 'o', 'a', 'ɛl', 'ɛksteʁjœʁ', 'də', 'ʃe', 'mwa', 'ɛn', 'a', 'pa', 'ete', 'ʁepaʁe', 'koʁɛktəmɑ̃', 'e', 'ma', 'kav', 'ɛ', 'inɔ̃de', 'votʁ', 'sɛʁvis', 'de', 'o', 'a', 'ete', 'paʁtikyljɛʁmɑ̃', 'dezaɡʁeabl', 'tut', 'lœʁ', 'ekip', 'də', 'ʁepaʁasjɔ̃', 'sɔ̃', 'apaʁamɑ̃', 'ɔkype', 'pɑ̃dɑ̃', 'le', 'dø', 'pʁoʃɛn', 'səmɛn', 'ʒə', 'syi', 'sɑ̃se', 'ytilize', 'ma', 'kav', 'kɔm', 'pisin', 'ɑ̃', 'atɑ̃dɑ̃']	234	111
FRA	O3	Ici les pompiers municipaux. Nous essayons de localiser l’auteur d’un appel d’urgence qui a raccroché sans donner aucun détail. Il semble qu’il était sur le réseau local. Il nous a appelés sur notre ligne, au numéro 762 584. Merci d’essayer de le localiser immédiatement, car il semblait désespéré.	['isi', 'le', 'pɔ̃pje', 'mynisipo', 'nu', 'esɛjɔ̃', 'də', 'lokalize', 'ɛl', 'otœʁ', 'de', 'œ̃', 'apɛl', 'de', 'yʁʒɑ̃s', 'ki', 'a', 'ʁakʁoʃe', 'sɑ̃', 'dɔne', 'okœ̃', 'detaj', 'il', 'sɑ̃bl', 'k', 'il', 'etɛ', 'syʁ', 'lə', 'ʁezo', 'lokal', 'il', 'nu', 'a', 'aple', 'syʁ', 'notʁ', 'liɲ', 'o', 'nymeʁo', 'sɛtsɑ̃swasɑ̃tdø', 'sɛ̃sɑ̃katʁvɛ̃tkatʁ', 'mɛʁsi', 'de', 'esɛje', 'də', 'lə', 'lokalize', 'imedjatmɑ̃', 'kaʁ', 'il', 'sɑ̃blɛ', 'dezɛspeʁe']	211	98
FRA	O4	Merci de noter une réservation de taxi pour tôt demain matin. Monsieur André, rue des châtaigniers, veut être au terminal 2 de Bordeaux à 6 heures 15. Son avion ne décolle pas avant 7 heures 50, mais il doit régler un problème d’excédent de bagages. Notez ceci comme prioritaire et soyez à l’heure. Il vous attend à 5 heures trente précises.	['mɛʁsi', 'də', 'note', 'yn', 'ʁezɛʁvasjɔ̃', 'də', 'taksi', 'puʁ', 'toː', 'dəmɛ̃', 'matɛ̃', 'məsjø', 'ɑ̃dʁe', 'ʁy', 'de', 'ʃatɛɲe', 'vø', 'ɛtʁ', 'o', 'tɛʁminal', 'dø', 'də', 'bɔʁdo', 'a', 'sis', 'œʁ', 'kɛ̃z', 'sɔ̃', 'avjɔ̃', 'nə', 'dekɔl', 'pa', 'avɑ̃', 'sɛt', 'œʁ', 'sɛ̃kɑ̃t', 'mɛ', 'il', 'dwa', 'ʁeɡle', 'œ̃', 'pʁɔblɛm', 'de', 'ɛksedɑ̃', 'də', 'baɡaʒ', 'note', 'səsi', 'kɔm', 'pʁioʁitɛʁ', 'e', 'swaje', 'a', 'ɛl', 'œʁ', 'il', 'vu', 'atɑ̃', 'a', 'sɛ̃k', 'œʁ', 'tʁɑ̃t', 'pʁesiz']	211	94
FRA	O6	Je cherche à joindre Monsieur et Madame Georges à Toulouse. Ils ont déménagé du soixante- trois rue Pasteur pour s’installer ailleurs à Toulouse. Pouvez-vous me donner leur nouveau numéro s’il vous plaît ? Ils ont déménagé il y a environ 3 mois. Pour autant que je sache, ils ne sont pas sur liste rouge.	['ʒə', 'ʃɛʁʃ', 'a', 'ʒwɛ̃dʁ', 'məsjø', 'e', 'madam', 'ʒɔʁʒ', 'a', 'tuluz', 'il', 'ɔ̃', 'demenaʒe', 'dy', 'swasɑ̃t', 'tʁwa', 'ʁy', 'pastœʁ', 'puʁ', 'ɛs', 'ɛ̃stale', 'ajœʁ', 'a', 'tuluz', 'puve', 'vu', 'mə', 'dɔne', 'lœʁ', 'nuvo', 'nymeʁo', 'ɛs', 'il', 'vu', 'plɛ', 'il', 'ɔ̃', 'demenaʒe', 'il', 'iɡʁɛk', 'a', 'ɑ̃viʁɔ̃', 'tʁwa', 'mwa', 'puʁ', 'otɑ̃', 'kə', 'ʒə', 'saʃ', 'il', 'nə', 'sɔ̃', 'pa', 'syʁ', 'list', 'ʁuʒ']	181	80
FRA	O8	Passez-moi le service après-vente s’il vous plaît. Ma télévision est en panne depuis presque 3 semaines, et j’ai besoin de savoir quand elle sera réparée. Vous êtes venu la chercher le 13 en promettant de la ramener dans la semaine. Je comprends que vous ayez des problèmes d’approvisionnement, mais là c’est trop. Pouvez-vous me donner une date ferme maintenant ?	['pase', 'mwa', 'lə', 'sɛʁvis', 'apʁɛ', 'vɑ̃t', 'ɛs', 'il', 'vu', 'plɛ', 'ma', 'televizjɔ̃', 'ɛ', 'ɑ̃', 'pan', 'dəpyi', 'pʁɛskə', 'tʁwa', 'səmɛn', 'e', 'ʒi', 'e', 'bəzwɛ̃', 'də', 'savwaʁ', 'kɑ̃', 'ɛl', 'səʁa', 'ʁepaʁe', 'vu', 'ɛt', 'vəny', 'la', 'ʃɛʁʃe', 'lə', 'tʁɛz', 'ɑ̃', 'pʁomɛtɑ̃', 'də', 'la', 'ʁamne', 'dɑ̃', 'la', 'səmɛn', 'ʒə', 'kɔ̃pʁɑ̃', 'kə', 'vu', 'ɛje', 'de', 'pʁɔblɛm', 'de', 'apʁovizjɔnmɑ̃', 'mɛ', 'la', 'se', 'ɛ', 'tʁo', 'puve', 'vu', 'mə', 'dɔne', 'yn', 'dat', 'fɛʁm', 'mɛ̃tnɑ̃']	218	97
FRA	O9	Pouvez-vous me donner une liste des restaurants du quartier ? J’habite rue Lagny, à Nation. J’aimerais quelque chose d’un peu plus exotique que d’habitude, peut-être un restaurant polynésien par exemple. Je préférerais que ce ne soit pas végétarien.	['puve', 'vu', 'mə', 'dɔne', 'yn', 'list', 'de', 'ʁɛstoʁɑ̃', 'dy', 'kaʁtje', 'ʒi', 'abit', 'ʁy', 'lanji', 'a', 'nasjɔ̃', 'ʒi', 'ɛmʁɛ', 'kɛlkə', 'ʃɔz', 'de', 'œ̃', 'pø', 'ply', 'ɛɡzotik', 'kə', 'de', 'abityd', 'pø', 'ɛtʁ', 'œ̃', 'ʁɛstoʁɑ̃', 'polinezjɛ̃', 'paʁ', 'ɛɡzɑ̃pl', 'ʒə', 'pʁefeʁʁɛ', 'kə', 'sə', 'nə', 'swa', 'pa', 'veʒetaʁjɛ̃']	154	68
FRA	P0	Ma femme a un planning de vols compliqué le mois prochain. Pourriez-vous me conseiller sur les options les plus économiques s’il vous plaît ? Elle a une série de réunions de 9 heures à 17 heures à Paris, Bruges, Francfort, Rome et Hambourg à la suite l'une de l'autre. Pourriez-vous me suggérer des vols en soirée qui conviennent et des hôtels appropriés ? Elle n’aime pas les grands hôtels anonymes.	['ma', 'fam', 'a', 'œ̃', 'planɪŋ', 'də', 'vɔl', 'kɔ̃plike', 'lə', 'mwa', 'pʁoʃɛ̃', 'puʁje', 'vu', 'mə', 'kɔ̃sɛje', 'syʁ', 'le', 'ɔpsjɔ̃', 'le', 'ply', 'ekonomik', 'ɛs', 'il', 'vu', 'plɛ', 'ɛl', 'a', 'yn', 'seʁi', 'də', 'ʁeynjɔ̃', 'də', 'nœf', 'œʁ', 'a', 'disɛt', 'œʁ', 'a', 'paʁi', 'bʁyʒ', 'fʁɑ̃kfɔʁ', 'ʁɔm', 'e', 'ɑ̃buʁ', 'a', 'la', 'syit', 'də', 'puʁje', 'vu', 'mə', 'syɡʒeʁe', 'de', 'vɔl', 'ɑ̃', 'swaʁe', 'ki', 'kɔ̃vjɛn', 'e', 'de', 'otɛl', 'apʁɔpʁie', 'ɛl', 'ɛn', 'ɛm', 'pa', 'le', 'ɡʁɑ̃', 'otɛl', 'anonim']	220	100
FRA	P1	Nous nous renseignons sur les possibilités de restauration pour un grand meeting. Il faudrait que la nourriture soit livrée sur place de façon à ce qu'on puisse consommer tout de suite. Les locaux ne permettent pas de préparer la nourriture dans une pièce séparée. Nous pensions à un assortiment de sandwichs, viandes, fromages et fruits. Avez-vous des tarifs spéciaux pour les institutions académiques ?	['nu', 'nu', 'ʁɑ̃sɛnjɔ̃', 'syʁ', 'le', 'pɔsibilite', 'də', 'ʁɛstoʁasjɔ̃', 'puʁ', 'œ̃', 'ɡʁɑ̃', 'miːtɪŋ', 'il', 'fodʁɛ', 'kə', 'la', 'nuʁityʁ', 'swa', 'livʁe', 'syʁ', 'plas', 'də', 'fasɔ̃', 'a', 'sə', 'pyis', 'kɔ̃sɔme', 'tu', 'də', 'syit', 'le', 'loko', 'nə', 'pɛʁmɛt', 'pa', 'də', 'pʁepaʁe', 'la', 'nuʁityʁ', 'dɑ̃', 'yn', 'pjɛs', 'sepaʁe', 'nu', 'pɑ̃sjɔ̃', 'a', 'œ̃', 'asɔʁtimɑ̃', 'də', 'sɑ̃dwitʃ', 'vjɑ̃d', 'fʁomaʒ', 'e', 'fʁyi', 'ave', 'vu', 'de', 'taʁif', 'spesjo', 'puʁ', 'le', 'ɛ̃stitysjɔ̃', 'akademik']	238	106
FRA	P2	Envoyez une ambulance au 16 boulevard Frot le plus vite possible. Un vieil homme a glissé sur la glace et s’est cassé la jambe. On ne peut pas le déplacer. L’accès au boulevard n’est possible que par la rue Mortier, l’avenue du Parc a été fermée pour travaux. L’hôpital la Timone a été prévenu et attend votre arrivée.	['ɑ̃vwaje', 'yn', 'ɑ̃bylɑ̃s', 'o', 'sɛz', 'bulvaʁ', 'fʁo', 'lə', 'ply', 'vit', 'pɔsibl', 'œ̃', 'vjɛj', 'ɔm', 'a', 'ɡlise', 'syʁ', 'la', 'ɡlas', 'e', 'ɛs', 'ɛ', 'kase', 'la', 'ʒɑ̃b', 'ɔ̃', 'nə', 'pø', 'pa', 'lə', 'deplase', 'ɛl', 'aksɛ', 'o', 'bulvaʁ', 'ɛn', 'ɛ', 'pɔsibl', 'kə', 'paʁ', 'la', 'ʁy', 'mɔʁtje', 'ɛl', 'avny', 'dy', 'paʁk', 'a', 'ete', 'fɛʁme', 'puʁ', 'tʁavo', 'ɛl', 'opital', 'la', 'timɔn', 'a', 'ete', 'pʁevny', 'e', 'atɑ̃', 'votʁ', 'aʁive']	196	89
FRA	P3	Le département des commandes de Noël s’il vous plaît. J’aimerais commander dix boîtes de biscuits de Noël, cinq boîtes de biscuits variés, et trois grandes bûches de Noël. L’adresse de livraison est chez le Dr. Barnado, 16 route de l'Isle d'Abeau. Pouvez-vous garantir la livraison le 23 décembre au plus tard ? Je vous serais reconnaissant de ne pas indiquer le nom de la personne ayant passé la commande.	['lə', 'depaʁtəmɑ̃', 'de', 'kɔmɑ̃d', 'də', 'nɔɛl', 'ɛs', 'il', 'vu', 'plɛ', 'ʒi', 'ɛmʁɛ', 'kɔmɑ̃de', 'dis', 'bwat', 'də', 'biskyi', 'də', 'nɔɛl', 'sɛ̃k', 'bwat', 'də', 'biskyi', 'vaʁje', 'e', 'tʁwa', 'ɡʁɑ̃d', 'byːʃ', 'də', 'nɔɛl', 'ɛl', 'adʁɛs', 'də', 'livʁɛzɔ̃', 'ɛ', 'ʃe', 'lə', 'deɛʁ', 'baʁnado', 'sɛz', 'ʁut', 'də', 'puve', 'vu', 'ɡaʁɑ̃tiʁ', 'la', 'livʁɛzɔ̃', 'lə', 'vɛ̃ttʁwa', 'desɑ̃bʁ', 'o', 'ply', 'taʁ', 'ʒə', 'vu', 'səʁɛ', 'ʁəkɔnɛsɑ̃', 'də', 'nə', 'pa', 'ɛ̃dike', 'lə', 'nɔ̃', 'də', 'la', 'pɛʁsɔn', 'ɛjɑ̃', 'pase', 'la', 'kɔmɑ̃d']	243	108
FRA	P8	La nuit dernière j’ai ouvert la porte d’entrée pour laisser sortir le chat. La soirée était si belle que je suis descendu dans le jardin pour prendre un bol d’air frais. Puis j’ai entendu le clic de la porte qui se refermait derrière moi et j’ai compris que je m’étais enfermé dehors. Pour couronner le tout, j’ai été arrêté alors que j’essayais de forcer la porte !	['la', 'nyi', 'dɛʁnjɛʁ', 'ʒi', 'e', 'uvɛʁ', 'la', 'pɔʁt', 'de', 'ɑ̃tʁe', 'puʁ', 'lɛse', 'sɔʁtiʁ', 'lə', 'ʃa', 'la', 'swaʁe', 'etɛ', 'si', 'bɛl', 'kə', 'ʒə', 'syi', 'dɛsɑ̃dy', 'dɑ̃', 'lə', 'ʒaʁdɛ̃', 'puʁ', 'pʁɑ̃dʁ', 'œ̃', 'bɔl', 'de', 'ɛʁ', 'fʁɛ', 'pyi', 'ʒi', 'e', 'ɑ̃tɑ̃dy', 'lə', 'klik', 'də', 'la', 'pɔʁt', 'ki', 'sə', 'ʁəfɛʁmɛ', 'dɛʁjɛʁ', 'mwa', 'e', 'ʒi', 'e', 'kɔ̃pʁi', 'kə', 'ʒə', 'ɛm', 'etɛ', 'ɑ̃fɛʁme', 'dəɔʁ', 'puʁ', 'kuʁɔne', 'lə', 'tu', 'ʒi', 'e', 'ete', 'aʁɛte', 'alɔʁ', 'kə', 'ʒi', 'esɛjɛ', 'də', 'fɔʁse', 'la', 'pɔʁt']	227	106
FRA	P9	J’ai toujours trouvé difficile de dormir pendant les longs trajets en train en Europe. D’abord, je n’arrive jamais à me mettre à l’aise dans le siège. Ensuite, les autres passagers parlent généralement trop fort ou, pire encore, ils ronflent. En plus, il y a le cliquetis constant des roues sur la voie. Et quand j’arrive à m’assoupir, le contrôleur arrive et me réveille.	['ʒi', 'e', 'tuʒuʁ', 'tʁuve', 'difisil', 'də', 'dɔʁmiʁ', 'pɑ̃dɑ̃', 'le', 'lɔ̃', 'tʁaʒɛ', 'ɑ̃', 'tʁɛ̃', 'ɑ̃', 'øʁɔp', 'de', 'abɔʁ', 'ʒə', 'ɛn', 'aʁiv', 'ʒamɛ', 'a', 'mə', 'mɛtʁ', 'a', 'ɛl', 'ɛz', 'dɑ̃', 'lə', 'sjɛʒ', 'ɑ̃syit', 'le', 'otʁ', 'pasaʒe', 'paʁl', 'ʒeneʁalmɑ̃', 'tʁo', 'fɔʁ', 'u', 'piʁ', 'ɑ̃kɔʁ', 'il', 'ʁɔ̃fl', 'ɑ̃', 'ply', 'il', 'iɡʁɛk', 'a', 'lə', 'klikti', 'kɔ̃stɑ̃', 'de', 'ʁw', 'syʁ', 'la', 'vwa', 'e', 'kɑ̃', 'ʒi', 'aʁiv', 'a', 'ɛm', 'asupiʁ', 'lə', 'kɔ̃tʁolœʁ', 'aʁiv', 'e', 'mə', 'ʁevɛj']	214	98
FRA	Q0	Désolé de ne pas être venu au dîner ce week-end. Je me réjouissais vraiment de te revoir. Malheureusement, j’ai eu un petit accident juste au moment de partir. C’est arrivé quand je suis descendu à la cave chercher une bouteille de vin. Je n’ai pas pris la peine d’allumer la lumière, j’ai trébuché sur une marche bancale dans le noir, et je me suis cassé la cheville.	['dezole', 'də', 'nə', 'pa', 'ɛtʁ', 'vəny', 'o', 'dine', 'sə', 'wiːk', 'ɛnd', 'ʒə', 'mə', 'ʁeʒwisɛ', 'vʁɛmɑ̃', 'də', 'tə', 'ʁəvwaʁ', 'maløʁøzmɑ̃', 'ʒi', 'e', 'y', 'œ̃', 'pəti', 'aksidɑ̃', 'ʒyst', 'o', 'momɑ̃', 'də', 'paʁtiʁ', 'se', 'ɛ', 'aʁive', 'kɑ̃', 'ʒə', 'syi', 'dɛsɑ̃dy', 'a', 'la', 'kav', 'ʃɛʁʃe', 'yn', 'butɛj', 'də', 'vɛ̃', 'ʒə', 'ɛn', 'e', 'pa', 'pʁi', 'la', 'pɛn', 'de', 'alyme', 'la', 'lymjɛʁ', 'ʒi', 'e', 'tʁebyʃe', 'syʁ', 'yn', 'maʁʃ', 'bɑ̃kal', 'dɑ̃', 'lə', 'nwaʁ', 'e', 'ʒə', 'mə', 'syi', 'kase', 'la', 'ʃəvil']	223	105
FRA	Q1	Il y a un raccourci par cette colline jusqu’à chez moi. Des gens du coin disent qu’elle est hantée. Personne n’aime traverser ces champs la nuit tombée. Bien sûr, je ne crois pas à ces bêtises superstitieuses. C’est juste que j’aime la promenade pittoresque à travers la propriété.	['il', 'iɡʁɛk', 'a', 'œ̃', 'ʁakuʁsi', 'paʁ', 'sɛt', 'kɔlin', 'ʒysk', 'a', 'ʃe', 'mwa', 'de', 'ʒɑ̃', 'dy', 'kwɛ̃', 'diz', 'k', 'ɛl', 'ɛ', 'ɑ̃te', 'pɛʁsɔn', 'ɛn', 'ɛm', 'tʁavɛʁse', 'se', 'ʃɑ̃', 'la', 'nyi', 'tɔ̃be', 'bjɛ̃', 'syːʁ', 'ʒə', 'nə', 'kʁwa', 'pa', 'a', 'se', 'bɛtiz', 'sypɛʁstisjøz', 'se', 'ɛ', 'ʒyst', 'kə', 'ʒi', 'ɛm', 'la', 'pʁomnad', 'pitoʁɛsk', 'a', 'tʁavɛʁ', 'la', 'pʁɔpʁiete']	171	73
DEU	O1	Ich habe da ein Problem mit meinem Boiler. Das Überdruckventil tropft ständig, weil der Wasserstand wohl zu hoch ist. Könnten Sie mir bitte Dienstag früh einen Klempner schicken? das ist leider der einzige Tag in dieser Woche, an dem ich Zeit habe. Ich wäre Ihnen dankbar, wenn Sie mir den Termin schriftlich bestätigen würden.	['ɪç', 'hɑːbə', 'dɑː', 'aɪn', 'pɾoːbleːm', 'mɪt', 'maɪnəm', 'boːiːlɜ', 'das', 'yːbɜdɾʊkvəntiːl', 'tɾɔpft', 'ʃtɛndɪç', 'vaɪl', 'dɛɾ', 'vasɜʃtant', 'voːl', 'tsuː', 'hoːx', 'ɪst', 'kœntən', 'ziː', 'miːɾ', 'bɪtə', 'diːnstɑːk', 'fryː', 'aɪnən', 'klɛmpnɜ', 'ʃɪkən', 'das', 'ɪst', 'laɪdɜ', 'dɛɾ', 'aɪntsɪɡə', 'tɑːk', 'ɪn', 'diːzɜ', 'vɔxə', 'an', 'deːm', 'ɪç', 'tsaɪt', 'hɑːbə', 'ɪç', 'vɛːrə', 'iːnən', 'daŋkbɑːɾ', 'vɛn', 'ziː', 'miːɾ', 'deːn', 'tɛɾmiːn', 'ʃrɪftlɪç', 'bəʃtɛːtɪɡən', 'vʏɾdən']	239	87
DEU	O2	Verbinden Sie mich bitte mit der Beschwerdeabteilung. Die Reparatur an der Hauptwasserleitung vor meinem Haus ist nicht ordentlich durchgeführt worden: mein Keller steht jetzt unter Wasser. Die Angestellten des Wasserwerks waren überhaupt nicht hilfsbereit. Sie haben mich damit abgefertigt, daß alle Reparaturtrupps für die nächsten zwei Wochen schon ausgebucht sind. Soll ich meinen Keller in der Zwischenzeit etwa als Schwimmbad benutzen?!	['fɛɾbɪndən', 'ziː', 'mɪç', 'bɪtə', 'mɪt', 'dɛɾ', 'bəʃveːɾdeːaptaɪlʊŋ', 'diː', 'reːparatuːɾ', 'an', 'dɛɾ', 'haʊptvasɜlaɪtʊŋ', 'fɔɾ', 'maɪnəm', 'haʊs', 'ɪst', 'nɪçt', 'ɔɾdəntlɪç', 'dʊɐçɡəfyːɾt', 'vɔɾdən', 'maɪn', 'kɛlɜ', 'ʃteːt', 'jɛtst', 'ʊntɜ', 'vasɜ', 'diː', 'anɡəʃtɛltən', 'dɛs', 'vasɜvɛɾks', 'vɑːrən', 'yːbɜhaʊpt', 'nɪçt', 'hɪlfsbəraɪt', 'ziː', 'hɑːbən', 'mɪç', 'dɑːmɪt', 'apɡəfɛɾtɪçt', 'das', 'alə', 'reːparɑtʊɐtɾʊps', 'fyːɾ', 'diː', 'nɛçstən', 'tsvaɪ', 'vɔxən', 'ʃoːn', 'aʊsɡəbuːxt', 'zɪnt', 'zɔl', 'ɪç', 'maɪnən', 'kɛlɜ', 'ɪn', 'dɛɾ', 'tsvɪʃəntsaɪt', 'ɛtvɑː', 'als', 'ʃvɪmbɑːt', 'bənʊtsən']	332	117
DEU	O3	Hier ist die örtliche Feuerwehrzentrale. Wir versuchen, einen Notruf zu orten, der aufgehängt hat, ohne genaue Angaben zu machen. Es hörte sich nach einem Ortsgespräch an. Er wählte unsere direkte Nummer, sieben neun zwei fünf acht fünf. Wir müssen ihn schnellstens finden, weil er sich völlig aufgelöst anhörte.	['hiːɾ', 'ɪst', 'diː', 'œɾtlɪçə', 'fɔøɜveːɾtsəntɾɑːlə', 'viːɾ', 'fɛɾzuːxən', 'aɪnən', 'nɔtɾuːf', 'tsuː', 'ɔɾtən', 'dɛɾ', 'aʊfɡəhɛŋt', 'hat', 'oːnə', 'ɡənaʊə', 'anɡɑːbən', 'tsuː', 'maxən', 'ɛs', 'hœɾtə', 'zɪç', 'nɑːx', 'aɪnəm', 'ɔɾtsɡəʃpɾɛːç', 'an', 'ɛɾ', 'vɛːltə', 'ʊnzrə', 'diːrɛktə', 'nʊmɜ', 'ziːbən', 'nɔøn', 'tsvaɪ', 'fʏnf', 'axt', 'fʏnf', 'viːɾ', 'mʏsən', 'iːn', 'ʃnɛlstəns', 'fɪndən', 'vaɪl', 'ɛɾ', 'zɪç', 'fœlɪç', 'aʊfɡəlœst', 'anhœɾtə']	234	85
DEU	O4	Reservieren Sie mir bitte ein Taxi für morgen früh. Herr Jürgen Schröder aus Mühlheim muß um sechs Uhr fünfzehn am Düsseldorfer Flughafen sein. Der Flug geht um sieben Uhr fünfzig, aber er muß vorher noch zur Gepäckabfertigung. Wir erwarten das Taxi genau um fünf Uhr dreißig. Ich verlasse mich darauf, daß Sie pünktlich sind.	['reːzɛɾviːrən', 'ziː', 'miːɾ', 'bɪtə', 'aɪn', 'taksiː', 'fyːɾ', 'mɔɾɡən', 'fryː', 'hɛɾ', 'jʏɾɡən', 'ʃrøːdɜ', 'aʊs', 'myːlhaɪm', 'muːs', 'ʊm', 'zɛks', 'uːɾ', 'fʏnftseːn', 'am', 'dʏsəldɔɾfɜ', 'fluːɡhɑːfən', 'zaɪn', 'dɛɾ', 'fluːk', 'ɡeːt', 'ʊm', 'ziːbən', 'uːɾ', 'fʏnftsɪç', 'ɑːbɜ', 'ɛɾ', 'muːs', 'foːɾheːɾ', 'nɔx', 'tsuːɾ', 'ɡəpɛkapfɛɾtɪɡʊŋ', 'viːɾ', 'ɛɾvaɾtən', 'das', 'taksiː', 'ɡənaʊ', 'ʊm', 'fʏnf', 'uːɾ', 'dɾaɪsɪç', 'ɪç', 'fɛɾlasə', 'mɪç', 'dɑːraʊf', 'das', 'ziː', 'pʏŋktlɪç', 'zɪnt']	243	87
DEU	O6	Ich versuche, Herrn und Frau Jäger aus Löhne zu erreichen. Sie sind von der Töpfergasse neunundfünfzig in einen anderen Teil von Löhne gezogen. Könnten Sie mir bitte ihre neue Nummer geben. Sie sind vor ungefähr fünf Monaten umgezogen. So weit ich weiß, wohnen sie noch im selben Stadtteil.	['ɪç', 'fɛɾzuːxə', 'hɛɾn', 'ʊnt', 'fraʊ', 'jɛːɡɜ', 'aʊs', 'løːnə', 'tsuː', 'ɛɾraɪçən', 'ziː', 'zɪnt', 'fɔn', 'dɛɾ', 'tœpfɜɡasə', 'nɔønʊntfʏnftsɪç', 'ɪn', 'aɪnən', 'andərən', 'taɪl', 'fɔn', 'løːnə', 'ɡətsoːɡən', 'kœntən', 'ziː', 'miːɾ', 'bɪtə', 'iːrə', 'nɔøə', 'nʊmɜ', 'ɡeːbən', 'ziː', 'zɪnt', 'fɔɾ', 'ʊnɡəfɛːɾ', 'fʏnf', 'moːnɑːtən', 'ʊmɡətsoːɡən', 'zoː', 'vaɪt', 'ɪç', 'vaɪs', 'voːnən', 'ziː', 'nɔx', 'ɪm', 'zɛlbən', 'ʃtataɪl']	215	82
DEU	O8	Bitte verbinden Sie mich mit der Reparaturabteilung. Mein Fernseher ist nun schon seit drei Wochen bei Ihnen, und ich möchte wissen, wann er endlich fertig ist. Sie haben ihn nämlich am zwölften Juni abgeholt und versprochen, daß er in einer Woche wieder da sein wird. Ich kann ja verstehen, daß Sie viel zu tun haben, aber das ist wirklich etwas übertrieben. Können Sie mir jetzt bitte einen endgültigen Termin geben?	['bɪtə', 'fɛɾbɪndən', 'ziː', 'mɪç', 'mɪt', 'dɛɾ', 'reːparɑtuːraptaɪlʊŋ', 'maɪn', 'fɛɾnzeːɜ', 'ɪst', 'nuːn', 'ʃoːn', 'zaɪt', 'dɾaɪ', 'vɔxən', 'baɪ', 'iːnən', 'ʊnt', 'ɪç', 'mœçtə', 'vɪsən', 'van', 'ɛɾ', 'ɛntlɪç', 'fɛɾtɪç', 'ɪst', 'ziː', 'hɑːbən', 'iːn', 'nɛːmlɪç', 'am', 'tsvœlftən', 'juːniː', 'apɡəhɔlt', 'ʊnt', 'fɛɾʃpɾɔxən', 'das', 'ɛɾ', 'ɪn', 'aɪnɜ', 'vɔxə', 'viːdɜ', 'dɑː', 'zaɪn', 'vɪɾt', 'ɪç', 'kan', 'jɑː', 'fɛɾʃteːən', 'das', 'ziː', 'fiːl', 'tsuː', 'tuːn', 'hɑːbən', 'ɑːbɜ', 'das', 'ɪst', 'vɪɾklɪç', 'ɛtvɑːs', 'yːbɜtɾiːbən', 'kœnən', 'ziː', 'miːɾ', 'jɛtst', 'bɪtə', 'aɪnən', 'ɛntɡʏltɪɡən', 'tɛɾmiːn', 'ɡeːbən']	306	114
DEU	O9	Können Sie mir sagen, welche Gaststätten bei mir in der Nähe sind? Ich wohne in der Goethestraße. Ich möchte mal etwas ganz neues ausprobieren. Vielleicht japanische Küche. Aber bitte nicht ausschließlich vegetarisch.	['kœnən', 'ziː', 'miːɾ', 'zɑːɡən', 'vɛlçə', 'ɡastʃtɛtən', 'baɪ', 'miːɾ', 'ɪn', 'dɛɾ', 'nɛːə', 'zɪnt', 'ɪç', 'voːnə', 'ɪn', 'dɛɾ', 'ɡœtəstɾɑːsə', 'ɪç', 'mœçtə', 'mɑːl', 'ɛtvɑːs', 'ɡants', 'nɔøəs', 'aʊspɾoːbiːrən', 'fɪlaɪçt', 'japɑnɪʃə', 'kʏçə', 'ɑːbɜ', 'bɪtə', 'nɪçt', 'aʊsʃliːslɪç', 'veːɡeːtɑrɪʃ']	153	59
DEU	P0	Meine Frau braucht für den nächsten Monat gut aufeinander abgestimmte Bahnverbindungen. Könnten Sie mir bitte die jeweils günstigste Möglichkeit heraussuchen? Sie muß im Januar zu einer Reihe von Tagungen in Rom, Brüssel, Frankfurt, Köln und Mühlheim, jeweils von neun bis siebzehn Uhr. Würden Sie bitte Abendzüge und bequeme Hotels reservieren. Sie mag allerdings keine großen, unpersönlichen Häuser.	['maɪnə', 'fraʊ', 'bɾaʊxt', 'fyːɾ', 'deːn', 'nɛçstən', 'moːnɑːt', 'ɡuːt', 'aʊfaɪnandɜ', 'apɡəʃtɪmtə', 'bɑːnfɛɾbɪndʊŋən', 'kœntən', 'ziː', 'miːɾ', 'bɪtə', 'diː', 'jeːvaɪls', 'ɡʏnstɪçstə', 'møːklɪçkaɪt', 'hɛraʊszuːxən', 'ziː', 'muːs', 'ɪm', 'januːɑːɾ', 'tsuː', 'aɪnɜ', 'raɪə', 'fɔn', 'tɑɡʊŋən', 'ɪn', 'roːm', 'bɾʏsəl', 'fraŋkfʊɐt', 'kœln', 'ʊnt', 'myːlhaɪm', 'jeːvaɪls', 'fɔn', 'nɔøn', 'bɪs', 'ziːptseːn', 'uːɾ', 'vʏɾdən', 'ziː', 'bɪtə', 'ɑːbənttsyːɡə', 'ʊnt', 'bəkveːmə', 'hoːtəls', 'reːzɛɾviːrən', 'ziː', 'mɑːk', 'alɜdɪŋs', 'kaɪnə', 'ɡɾoːsən', 'ʊnpɛɾzøːnlɪçən', 'hɔøzɜ']	308	110
DEU	P1	Haben Sie die Möglichkeit, ein Essen für eine große Gruppe auszurichten? Wir müssen es so angeliefert bekommen, daß es sofort verzehrt werden kann. Es gibt nämlich keine Möglichkeit, das Essen in einem separaten Raum anzurichten. Wir denken da an belegte Brote, verschiedene Fleischsorten, Käse und Obst. Geben Sie eigentlich Rabatt für akademische Einrichtungen?	['hɑːbən', 'ziː', 'diː', 'møːklɪçkaɪt', 'aɪn', 'ɛsən', 'fyːɾ', 'aɪnə', 'ɡɾoːsə', 'ɡɾʊpə', 'aʊstsuːrɪçtən', 'viːɾ', 'mʏsən', 'ɛs', 'zoː', 'anɡəliːfɜt', 'bəkɔmən', 'das', 'ɛs', 'zoːfɔɾt', 'fɛɾtseːɾt', 'vɛɾdən', 'kan', 'ɛs', 'ɡiːpt', 'nɛːmlɪç', 'kaɪnə', 'møːklɪçkaɪt', 'das', 'ɛsən', 'ɪn', 'aɪnəm', 'zeːparɑːtən', 'raʊm', 'antsuːrɪçtən', 'viːɾ', 'dɛŋkən', 'dɑː', 'an', 'bəleːktə', 'bɾoːtə', 'fɛɾʃiːdənə', 'flaɪʃsɔɾtən', 'kɛːzə', 'ʊnt', 'oːpst', 'ɡeːbən', 'ziː', 'aɪɡəntlɪç', 'rɑbat', 'fyːɾ', 'ɑkadeːmɪʃə', 'aɪnrɪçtʊŋən']	276	105
DEU	P2	Schicken Sie so schnell wie möglich einen Krankenwagen in die Großgarage in der Hopfengasse. Ein alter Mann ist auf dem Eis ausgerutscht. Er hat sich das Bein gebrochen und kann nicht bewegt werden. Denken Sie an die Sperrung der Jachtstraße, sie ist wegen Straßenarbeiten gesperrt. Das städtische Krankenhaus ist bereits informiert, sie warten schon.	['ʃɪkən', 'ziː', 'zoː', 'ʃnɛl', 'viː', 'møːklɪç', 'aɪnən', 'kɾankənvɑːɡən', 'ɪn', 'diː', 'ɡɾoːsɡarɑːɡə', 'ɪn', 'dɛɾ', 'hɔpfənɡasə', 'aɪn', 'altɜ', 'man', 'ɪst', 'aʊf', 'deːm', 'aɪs', 'aʊsɡərʊtʃt', 'ɛɾ', 'hat', 'zɪç', 'das', 'baɪn', 'ɡəbɾɔxən', 'ʊnt', 'kan', 'nɪçt', 'bəveːkt', 'vɛɾdən', 'dɛŋkən', 'ziː', 'an', 'diː', 'ʃpɛrʊŋ', 'dɛɾ', 'jaxtstɾɑːsə', 'ziː', 'ɪst', 'veːɡən', 'ʃtɾɑsənaɾbaɪtən', 'ɡəʃpɛɾt', 'das', 'ʃtɛtɪʃə', 'kɾankənhaʊs', 'ɪst', 'bəraɪts', 'ɪnfɔɾmiːɾt', 'ziː', 'vaɾtən', 'ʃoːn']	256	91
DEU	P3	Geben Sie mir bitte ihre Weihnachtsabteilung. Ich brauche vierundzwanzig Kisten Weihnachtsgebäck, fünf Schachteln gemischtes Gebäck und drei große Stollen. Die Anlieferungsadresse ist Apfelweg dreiundvierzig in Bielefeld. Können Sie mir garantieren, daß alles am dreiundzwanzigsten Dezember ankommt? Ich wäre Ihnen dankbar, wenn Sie mir eine Bestätigung dieses Auftrags schicken würden.	['ɡeːbən', 'ziː', 'miːɾ', 'bɪtə', 'iːrə', 'vaɪhnaxtzaptaɪlʊŋ', 'ɪç', 'bɾaʊxə', 'fiːrʊnttsvantsɪç', 'kɪstən', 'vaɪhnaxtsɡeːbɛk', 'fʏnf', 'ʃaxtəln', 'ɡəmɪʃtəs', 'ɡəbɛk', 'ʊnt', 'dɾaɪ', 'ɡɾoːsə', 'ʃtɔlən', 'diː', 'anliːfeːrʊŋsadɾɛsə', 'ɪst', 'apfəlveːk', 'dɾaɪʊndviːɾtsɪç', 'ɪn', 'biːleːfɛlt', 'kœnən', 'ziː', 'miːɾ', 'ɡɑrantiːrən', 'das', 'aləs', 'am', 'dɾaɪʊnttsvantsɪçstən', 'deːtsɛmbɜ', 'ankɔmt', 'ɪç', 'vɛːrə', 'iːnən', 'daŋkbɑːɾ', 'vɛn', 'ziː', 'miːɾ', 'aɪnə', 'bəʃtɛːtɪɡʊŋ', 'diːzəs', 'aʊftɾɑːks', 'ʃɪkən', 'vʏɾdən']	297	106
DEU	P8	Letzte Nacht habe ich die Haustür geöffnet, um die Katze nach draußen zu lassen. Es war ein so schöner Abend, daß ich in den Garten ging, um etwas frische Luft zu schöpfen. Plötzlich hörte ich, wie die Tür hinter mir zufiel. Ich hatte mich selbst ausgesperrt. Und dann wurde ich auch noch verhaftet, als ich versuchte, die Tür aufzubrechen.	['lɛtstə', 'naxt', 'hɑːbə', 'ɪç', 'diː', 'haʊstyːɾ', 'ɡəœfnət', 'ʊm', 'diː', 'katsə', 'nɑːx', 'dɾaʊsən', 'tsuː', 'lasən', 'ɛs', 'vɑːɾ', 'aɪn', 'zoː', 'ʃøːnɜ', 'ɑːbənt', 'das', 'ɪç', 'ɪn', 'deːn', 'ɡaɾtən', 'ɡɪŋ', 'ʊm', 'ɛtvɑːs', 'frɪʃə', 'lʊft', 'tsuː', 'ʃœpfən', 'plœtslɪç', 'hœɾtə', 'ɪç', 'viː', 'diː', 'tyːɾ', 'hɪntɜ', 'miːɾ', 'tsuːfiːl', 'ɪç', 'hatə', 'mɪç', 'zɛlpst', 'aʊsɡəʃpɛɾt', 'ʊnt', 'dan', 'vʊɐdə', 'ɪç', 'aʊx', 'nɔx', 'fɛɾhaftət', 'als', 'ɪç', 'fɛɾzuːxtə', 'diː', 'tyːɾ', 'aʊftsuːbɾɛçən']	240	88
DEU	P9	Ich kann auf langen Schiffsreisen einfach nicht schlafen. Dazu sind die Sitze viel zu ungemütlich. Außerdem sprechen die anderen Passagiere zu laut oder, was noch schlimmer ist, sie schnarchen. Dazu kommt das ewige Stampfen der Maschinen. Wenn ich trotzdem gerade dabei bin einzudösen, kommt irgendeine Durchsage, und ich werde wieder wach.	['ɪç', 'kan', 'aʊf', 'laŋən', 'ʃɪfsraɪzən', 'aɪnfax', 'nɪçt', 'ʃlɑːfən', 'dɑːtsuː', 'zɪnt', 'diː', 'zɪtsə', 'fiːl', 'tsuː', 'ʊnɡəmyːtlɪç', 'aʊsɜdeːm', 'ʃpɾɛçən', 'diː', 'andərən', 'pasaʒiːrə', 'tsuː', 'laʊt', 'oːdɜ', 'vas', 'nɔx', 'ʃlɪmɜ', 'ɪst', 'ziː', 'ʃnɑːɾçən', 'dɑːtsuː', 'kɔmt', 'das', 'eːvɪɡə', 'ʃtampfən', 'dɛɾ', 'maʃiːnən', 'vɛn', 'ɪç', 'tɾɔtsdeːm', 'ɡərɑːdə', 'dɑːbaɪ', 'bɪn', 'aɪntsuːdøːzən', 'kɔmt', 'ɪɾɡəndaɪnə', 'dʊɐçzɑːɡə', 'ʊnt', 'ɪç', 'vɛɾdə', 'viːdɜ', 'vax']	246	92
DEU	Q0	Es tut mir wirklich leid, daß ich am Wochenende nicht zum Essen kommen konnte. Ich wollte dich so gern mal wieder sehen. Aber kurz bevor ich losfahren wollte, hatte ich einen kleinen Unfall. Als ich in meinen Keller gegangen bin, um eine Flasche Apfelwein zu holen, habe ich vergessen, das Licht anzumachen. Im Dunkeln bin ich dann über eine lose Stufe gestolpert und habe mir den Knöchel gebrochen.	['ɛs', 'tuːt', 'miːɾ', 'vɪɾklɪç', 'laɪt', 'das', 'ɪç', 'am', 'vɔxənəndə', 'nɪçt', 'tsʊm', 'ɛsən', 'kɔmən', 'kɔntə', 'ɪç', 'vɔltə', 'dɪç', 'zoː', 'ɡɛɾn', 'mɑːl', 'viːdɜ', 'zeːən', 'ɑːbɜ', 'kʊɐts', 'bəfoːɾ', 'ɪç', 'lɔsfɑːrən', 'vɔltə', 'hatə', 'ɪç', 'aɪnən', 'klaɪnən', 'ʊnfal', 'als', 'ɪç', 'ɪn', 'maɪnən', 'kɛlɜ', 'ɡəɡaŋən', 'bɪn', 'ʊm', 'aɪnə', 'flaʃə', 'apfəlvaɪn', 'tsuː', 'hoːlən', 'hɑːbə', 'ɪç', 'fɛɾɡɛsən', 'das', 'lɪçt', 'antsuːmaxən', 'ɪm', 'dʊnkəln', 'bɪn', 'ɪç', 'dan', 'yːbɜ', 'aɪnə', 'loːzə', 'ʃtuːfə', 'ɡəʃtɔlpɜt', 'ʊnt', 'hɑːbə', 'miːɾ', 'deːn', 'knœçəl', 'ɡəbɾɔxən']	289	112
DEU	Q1	Von hier aus gibt es zu meinem Haus auch eine Abkürzung über den Hügel. Die meisten Leute erzählen, daß es dort spukt. Im Dunklen würde keiner von ihnen da lang gehen. Natürlich glaube ich nicht an so einen übernatürlichen Blödsinn. Ich gehe aber trotzdem lieber den schönen Weg um den Hügel herum, auch wenn es ein bißchen länger dauert.	['fɔn', 'hiːɾ', 'aʊs', 'ɡiːpt', 'ɛs', 'tsuː', 'maɪnəm', 'haʊs', 'aʊx', 'aɪnə', 'apkʏɾtsʊŋ', 'yːbɜ', 'deːn', 'hyːɡəl', 'diː', 'maɪstən', 'lɔøtə', 'ɛɾtsɛːlən', 'das', 'ɛs', 'dɔɾt', 'ʃpʊkt', 'ɪm', 'dʊŋklən', 'vʏɾdə', 'kaɪnɜ', 'fɔn', 'iːnən', 'dɑː', 'laŋ', 'ɡeːən', 'nɑːtyːɾlɪç', 'ɡlaʊbə', 'ɪç', 'nɪçt', 'an', 'zoː', 'aɪnən', 'yːbɜnɑːtyːɾlɪçən', 'blœdzɪn', 'ɪç', 'ɡeːə', 'ɑːbɜ', 'tɾɔtsdeːm', 'liːbɜ', 'deːn', 'ʃøːnən', 'vɛk', 'ʊm', 'deːn', 'hyːɡəl', 'hɛrʊm', 'aʊx', 'vɛn', 'ɛs', 'aɪn', 'biːsçən', 'lɛŋɜ', 'daʊɜt']	247	92
